timeline,player_id,year,team_id,game_id,league_id,level_id,split_id,ip,ab,tb,ha,k,bf,rs,bb,r,er,gb,fb,pi,ipf,g,gs,w,l,s,sa,da,sh,sf,ta,hra,bk,ci,iw,wp,hp,gf,dp,qs,svo,bs,ra,cg,sho,sb,cs,hld,ir,irs,wpa,li,stint,outs
0,9,1997,1,1,100,1,21,1,6,0,4,0,7,0,1,1,1,1,1,30,0,1,0,0,0,0,3,0,0,0,0,1,0,0,0,0,0,0,1,0,0,0,1,0,0,0,0,0,0,0,-0.0251,6.1000,0,3
0,14,1997,1,1,100,1,21,1,7,0,2,1,8,0,1,3,3,2,1,27,1,1,0,0,0,0,1,0,0,0,0,1,0,0,0,0,0,0,0,0,0,0,1,0,0,0,0,0,1,0,-0.0647,10.7000,0,4
0,15,1997,1,1,100,1,21,1,5,0,2,1,6,0,1,2,2,1,1,36,0,1,0,0,1,0,1,1,0,0,0,0,0,0,0,0,0,1,0,0,0,0,1,0,0,0,0,0,1,0,-0.7958,21.9000,0,3
0,17,1997,1,1,100,1,21,5,23,0,8,3,26,9,3,5,5,3,9,88,0,1,1,0,0,0,4,3,0,0,0,1,0,0,0,0,0,0,0,0,0,0,0,0,0,0,0,0,0,0,-0.2560,25.2000,0,15
0,18,1997,1,1,100,1,21,0,5,0,4,0,6,0,1,4,4,1,0,18,1,1,0,0,0,0,2,1,0,0,0,1,0,0,0,1,0,0,0,0,1,1,1,0,0,0,0,0,1,1,-0.8007,12.1000,0,1
0,27,1997,2,1,100,1,21,1,5,0,3,1,7,0,1,4,4,1,1,25,0,1,0,0,0,0,2,0,1,0,0,1,0,0,0,0,0,0,0,0,0,0,1,0,0,1,0,0,1,0,-0.3931,9.0000,0,3
0,35,1997,2,1,100,1,21,0,6,0,4,2,9,0,3,4,4,0,0,29,2,1,0,0,0,0,1,1,0,0,1,1,0,0,0,0,0,0,0,0,1,1,1,0,0,1,0,0,0,0,-0.8173,32.3000,0,2
0,39,1997,2,1,100,1,21,0,1,0,0,0,1,0,0,0,0,1,0,4,1,1,0,1,0,0,0,0,0,0,0,0,0,0,0,0,0,1,0,0,0,0,1,0,0,0,0,0,3,0,0.0494,2.1000,0,1
0,40,1997,2,1,100,1,21,1,3,0,1,0,3,0,0,0,0,0,2,17,0,1,0,0,0,0,1,0,0,0,0,0,0,0,0,0,0,0,0,0,0,0,1,0,0,0,0,0,1,0,0.0123,0.7000,0,3
0,41,1997,2,1,100,1,21,4,20,0,7,3,23,5,2,5,5,3,8,94,2,1,1,0,0,0,6,1,0,1,0,0,0,0,0,0,0,0,0,0,0,0,0,0,0,0,0,0,0,0,-0.3125,30.0000,0,14
0,43,1997,2,1,100,1,21,1,7,0,3,2,7,0,0,1,1,0,2,23,1,1,0,0,0,0,2,1,0,0,0,0,0,0,0,0,0,0,0,0,0,0,1,0,0,0,0,0,0,0,-0.0212,1.8000,0,4
1,9,1997,1,1,100,1,21,1,6,0,2,0,6,0,0,0,0,1,3,26,1,1,0,0,0,0,2,0,0,0,0,0,0,0,0,0,0,0,0,0,0,0,1,0,0,0,0,0,3,1,0.0399,4.5000,0,4
1,14,1997,1,1,100,1,21,2,8,0,2,2,9,0,1,2,2,1,3,44,0,1,0,0,0,0,0,1,0,0,0,1,0,0,0,0,0,0,0,0,0,0,1,0,0,0,0,0,1,0,-0.0071,1.5000,0,6
1,15,1997,1,1,100,1,21,0,3,0,1,1,4,0,1,0,0,1,0,16,2,1,0,0,0,0,1,0,0,0,0,0,0,0,0,0,0,1,0,0,0,0,1,0,0,0,0,0,1,1,-0.0091,0.5000,0,2
1,17,1997,1,1,100,1,21,4,16,0,5,3,24,3,7,6,6,6,3,91,0,1,1,0,1,0,3,2,0,1,0,0,0,0,0,1,0,0,0,0,0,0,0,0,0,1,0,0,0,0,-0.5527,35.6000,0,12
1,28,1997,2,1,100,1,21,1,3,0,0,1,3,0,0,0,0,0,2,12,0,1,0,0,0,0,0,0,0,0,0,0,0,0,0,1,0,1,0,0,0,0,1,0,0,0,0,0,1,0,0.0310,1.5000,0,3
1,41,1997,2,1,100,1,21,5,21,0,6,5,24,6,3,3,3,2,8,102,0,1,1,1,0,0,4,2,0,0,0,0,0,0,0,0,0,0,0,0,0,0,0,0,0,0,0,0,0,0,-0.1849,28.1000,0,15
1,43,1997,2,1,100,1,21,3,11,0,2,2,12,0,1,1,1,4,3,37,0,1,0,0,0,0,1,1,0,0,0,0,0,0,0,0,0,0,0,0,0,0,1,0,0,0,0,1,0,0,0.0849,6.6000,0,9
2,9,1997,1,1,100,1,21,1,6,0,3,1,8,0,2,3,3,0,2,33,0,1,0,0,0,0,1,2,0,0,0,0,0,0,0,0,0,0,0,0,0,0,1,0,0,0,0,0,0,0,-0.0400,2.1000,0,3
2,14,1997,1,1,100,1,21,1,4,0,1,1,4,0,0,0,0,0,2,18,0,1,0,0,0,0,0,1,0,0,0,0,0,0,0,0,0,1,0,0,0,0,1,0,0,0,0,0,1,1,-0.0016,0.4000,0,3
2,17,1997,1,1,100,1,21,6,25,0,7,5,31,0,3,3,3,4,8,106,0,1,1,0,1,0,6,1,0,0,0,0,0,0,0,0,3,0,1,1,0,0,0,0,0,0,0,0,0,0,-0.0125,33.9000,0,18
2,27,1997,2,1,100,1,21,0,1,0,0,1,1,0,0,0,0,0,0,4,1,1,0,0,0,0,0,0,0,0,0,0,0,0,0,0,0,1,0,0,0,0,1,0,0,0,0,0,2,0,0.0010,0.5000,0,1
2,41,1997,2,1,100,1,21,8,32,0,6,8,34,6,2,0,0,10,8,116,2,1,1,1,0,0,3,2,0,0,1,0,0,0,0,0,0,0,0,1,0,0,0,0,0,0,0,0,0,0,0.4050,32.1000,0,26
3,9,1997,1,1,100,1,21,3,13,0,4,1,14,0,1,1,1,6,2,42,0,1,0,1,0,0,3,1,0,0,0,0,0,0,0,0,0,0,0,0,0,0,1,0,0,0,0,0,2,0,0.0992,19.9000,0,9
3,14,1997,1,1,100,1,21,3,12,0,4,2,13,0,0,1,1,1,6,35,0,1,0,0,0,0,3,1,0,1,0,0,0,0,0,0,0,0,0,0,0,0,1,0,0,0,0,0,1,0,0.0901,11.9000,0,9
3,17,1997,1,1,100,1,21,2,14,0,7,1,15,5,0,5,5,2,4,52,1,1,1,0,0,0,5,1,0,0,0,1,0,0,0,0,1,0,0,0,0,0,0,0,0,0,0,0,0,0,-0.4113,16.5000,0,7
3,18,1997,1,1,100,1,21,0,2,0,0,0,2,0,0,0,0,0,2,5,2,1,0,0,0,0,0,0,0,0,0,0,0,0,0,0,0,1,0,0,0,0,1,0,0,0,0,0,1,0,0.0176,0.8000,0,2
3,27,1997,2,1,100,1,21,4,13,0,4,2,18,0,3,3,3,4,5,78,0,1,0,0,1,0,3,1,0,2,0,0,0,0,0,0,0,0,1,0,0,0,1,0,0,0,0,0,2,0,-0.2110,19.4000,0,12
3,35,1997,2,1,100,1,21,1,2,0,0,1,4,0,1,0,0,1,1,18,0,1,0,0,0,0,0,0,0,1,0,0,0,0,0,0,0,1,0,0,0,0,1,0,0,0,0,0,2,1,0.0025,1.0000,0,3
3,40,1997,2,1,100,1,21,1,4,0,1,0,5,0,1,1,1,0,3,23,0,1,0,0,0,0,1,0,0,0,0,0,0,0,0,0,0,0,0,0,0,0,1,0,0,0,0,0,1,0,0.0070,1.5000,0,3
3,41,1997,2,1,100,1,21,1,10,0,7,0,10,0,0,5,5,1,2,37,0,1,1,0,0,0,5,0,0,0,0,2,0,0,0,0,0,0,0,0,0,0,0,0,0,0,0,0,0,0,-0.4223,8.4000,0,3
3,43,1997,2,1,100,1,21,2,8,0,2,0,9,0,1,2,2,0,6,29,0,1,0,0,0,0,1,0,0,0,0,1,0,0,0,0,0,0,0,0,0,0,1,0,0,1,0,0,0,0,-0.1207,4.2000,0,6
4,9,1997,1,1,100,1,21,2,10,0,2,3,11,0,1,1,0,2,3,42,2,1,0,0,0,0,1,1,0,0,0,0,0,0,0,0,0,0,0,0,0,0,1,0,0,0,0,0,3,3,-0.0166,2.4000,0,8
4,14,1997,1,1,100,1,21,0,6,0,5,1,6,0,0,5,5,0,0,32,1,1,0,0,0,0,2,1,0,0,0,2,0,0,0,0,0,0,0,0,0,0,1,0,0,0,0,0,1,1,-0.0044,0.6000,0,1
4,15,1997,1,1,100,1,21,0,2,0,0,0,2,0,0,0,0,0,2,6,2,1,0,0,0,0,0,0,0,0,0,0,0,0,0,0,0,1,0,0,0,0,1,0,0,0,0,0,0,0,0.0000,0.0000,0,2
4,17,1997,1,1,100,1,21,4,19,0,6,5,27,0,5,8,6,5,3,102,1,1,1,0,1,0,5,0,0,1,0,1,0,0,0,1,2,0,0,0,0,0,0,0,0,0,0,0,0,0,-0.2130,23.9000,0,13
4,27,1997,2,1,100,1,21,2,10,0,4,4,12,0,2,2,2,1,1,41,0,1,0,0,0,0,3,1,0,0,0,0,0,0,0,0,0,1,0,0,0,0,1,0,0,0,0,0,0,0,-0.0010,7.3000,0,6
4,41,1997,2,1,100,1,21,7,24,0,3,5,27,8,3,1,1,6,10,103,0,1,1,1,0,0,2,0,0,0,0,1,0,0,0,0,0,0,0,1,0,0,0,0,0,0,0,0,0,0,0.2270,20.9000,0,21
5,9,1997,1,1,100,1,21,0,4,0,3,0,5,0,1,1,1,0,1,22,1,1,0,0,0,0,3,0,0,0,0,0,0,0,0,1,0,0,0,0,0,0,1,0,0,0,0,0,2,2,-0.1357,3.0000,0,1
5,14,1997,1,1,100,1,21,2,7,0,1,1,7,0,0,1,1,2,3,23,0,1,0,0,0,0,1,0,0,0,0,0,0,0,0,0,0,0,0,0,0,0,1,0,0,0,0,0,2,0,0.0870,9.8000,0,6
5,15,1997,1,1,100,1,21,1,3,0,0,0,6,0,3,0,0,1,2,32,0,1,0,0,0,0,0,0,0,0,0,0,0,0,0,0,0,0,0,0,1,1,1,0,0,0,0,0,1,1,-0.0997,32.1000,0,3
5,17,1997,1,1,100,1,21,4,23,0,9,2,25,4,2,9,9,3,9,82,2,1,1,0,0,0,7,2,0,0,0,0,0,0,0,0,0,0,0,0,0,0,0,0,0,0,0,0,0,0,-0.5523,32.9000,0,14
5,18,1997,1,1,100,1,21,3,9,0,0,3,9,0,0,0,0,0,6,34,0,1,0,1,0,0,0,0,0,0,0,0,0,0,0,0,0,1,0,0,0,0,1,0,0,0,0,0,0,0,0.3649,15.3000,0,9
5,27,1997,2,1,100,1,21,0,6,0,5,1,7,0,1,4,4,0,0,35,1,1,0,0,0,0,3,1,0,0,0,1,0,0,0,0,0,0,0,0,0,0,1,0,0,0,0,0,2,2,-0.7158,14.5000,0,1
5,28,1997,2,1,100,1,21,1,4,0,0,3,5,0,1,0,0,0,1,19,1,1,0,0,0,0,0,0,0,0,0,0,0,0,0,1,0,0,0,0,0,0,1,0,0,0,0,0,2,0,0.1457,7.4000,0,4
5,35,1997,2,1,100,1,21,3,12,0,4,3,14,0,2,2,2,2,3,49,0,1,0,0,1,0,2,2,0,0,0,0,0,0,1,0,0,1,0,0,0,0,1,0,0,0,0,0,0,0,-0.1351,34.6000,0,9
5,39,1997,2,1,100,1,21,0,2,0,0,2,2,0,0,0,0,0,0,8,2,1,0,0,0,0,0,0,0,0,0,0,0,0,0,0,0,0,0,0,0,0,1,0,0,0,0,0,1,0,0.0535,2.3000,0,2
5,41,1997,2,1,100,1,21,5,25,0,8,5,26,10,1,7,7,4,8,105,2,1,1,0,0,0,3,2,0,0,0,3,0,0,0,0,0,0,0,0,0,0,0,0,0,0,0,0,0,0,-0.2241,17.0000,0,17
6,8,1997,1,1,100,1,21,0,3,0,1,0,3,0,0,1,1,0,2,5,2,1,0,0,0,0,0,0,0,0,0,1,0,0,0,0,0,1,0,0,0,0,1,0,0,0,0,0,1,1,-0.0000,0.2000,0,2
6,9,1997,1,1,100,1,21,1,9,0,4,1,10,0,1,3,3,1,3,43,2,1,0,0,0,0,3,1,0,0,0,0,0,0,0,0,0,0,0,0,0,0,1,0,0,0,0,0,3,3,-0.0619,4.1000,0,5
6,14,1997,1,1,100,1,21,2,10,0,2,5,10,0,0,1,1,2,1,44,2,1,0,0,0,0,2,0,0,0,0,0,0,0,0,0,0,0,0,0,0,0,1,0,0,0,0,0,0,0,-0.0002,1.2000,0,8
6,15,1997,1,1,100,1,21,0,5,0,3,1,6,0,1,4,4,0,1,29,2,1,0,0,0,0,2,0,0,0,0,1,0,0,0,0,0,0,0,0,0,0,1,0,0,0,0,0,1,1,-0.0052,2.4000,0,2
6,17,1997,1,1,100,1,21,2,14,0,7,3,17,2,3,9,9,1,3,60,1,1,1,0,1,0,6,0,0,0,0,1,0,0,0,0,0,0,0,0,0,0,0,0,0,0,0,0,0,0,-0.4846,19.6000,0,7
6,27,1997,2,1,100,1,21,3,14,0,4,2,16,0,2,2,2,1,7,66,1,1,0,0,0,0,1,3,0,0,0,0,0,0,0,1,0,0,0,0,0,0,1,0,0,0,0,0,0,0,0.0006,8.7000,0,10
6,40,1997,2,1,100,1,21,0,1,0,0,0,2,0,1,0,0,1,0,7,2,1,0,0,0,0,0,0,0,0,0,0,0,0,0,0,0,1,1,0,0,0,1,0,0,0,0,0,2,0,0.0001,3.5000,0,2
6,41,1997,2,1,100,1,21,5,19,0,4,4,23,16,4,3,3,1,10,103,0,1,1,1,0,0,2,1,0,0,0,1,0,0,0,1,0,0,0,0,0,0,0,0,0,0,0,0,0,0,-0.0925,22.3000,0,15
7,9,1997,1,1,100,1,21,0,4,0,2,0,7,0,3,4,4,1,1,29,2,1,0,0,0,0,1,0,0,0,0,1,0,0,0,0,0,0,0,0,0,0,1,0,0,0,0,0,1,1,-0.0424,4.6000,0,2
7,14,1997,1,1,100,1,21,2,7,0,1,1,8,0,1,0,0,3,2,20,0,1,0,0,0,0,0,1,0,0,0,0,0,0,0,0,0,1,0,0,0,0,1,0,0,0,0,0,0,0,-0.0001,1.0000,0,6
7,15,1997,1,1,100,1,21,4,16,0,4,3,17,0,1,1,1,4,5,79,0,1,0,0,0,0,2,2,0,0,0,0,0,0,0,0,0,0,0,0,0,0,1,0,0,0,0,0,1,0,0.0019,4.6000,0,12
7,17,1997,1,1,100,1,21,1,7,0,4,0,12,0,4,7,7,1,3,55,1,1,1,0,1,0,2,2,0,1,0,0,0,0,0,1,0,0,0,0,0,0,0,0,0,0,0,0,0,0,-0.3366,12.9000,0,4
7,27,1997,2,1,100,1,21,1,3,0,1,0,4,0,0,0,0,0,3,12,0,1,0,0,0,0,1,0,0,1,0,0,0,0,0,0,0,1,0,0,0,0,1,0,0,0,0,0,1,1,0.0001,2.5000,0,3
7,41,1997,2,1,100,1,21,8,27,0,4,6,30,12,2,2,2,4,14,111,0,1,1,1,0,0,1,2,0,1,1,0,0,0,0,0,0,0,0,1,0,0,0,0,0,1,0,0,0,0,0.0826,19.3000,0,24
8,9,1997,1,1,100,1,21,1,4,0,1,1,6,0,2,1,1,0,2,28,0,1,0,0,0,0,1,0,0,0,0,0,0,0,0,0,0,1,0,0,0,0,1,0,0,0,0,0,1,1,-0.0355,2.7000,0,3
8,14,1997,1,1,100,1,21,1,5,0,2,2,7,0,2,2,2,1,0,34,0,1,0,0,0,0,2,0,0,0,0,0,0,0,0,1,0,0,0,0,0,0,1,0,0,0,0,0,0,0,-0.0844,5.5000,0,3
8,17,1997,1,1,100,1,21,6,26,0,10,4,27,4,0,5,5,5,7,108,0,1,1,0,1,0,7,1,0,0,0,2,0,0,0,0,1,0,2,0,0,0,0,0,0,0,0,0,0,0,-0.3460,23.3000,0,18
8,28,1997,2,1,100,1,21,0,2,0,1,0,2,0,0,1,1,0,1,4,1,1,0,0,0,0,1,0,0,0,0,0,0,0,0,0,0,0,0,0,0,0,1,0,0,0,0,0,1,0,-0.0012,1.2000,0,1
8,35,1997,2,1,100,1,21,0,4,0,2,1,4,0,0,1,1,0,1,13,2,1,0,0,0,1,0,2,0,0,0,0,0,0,0,0,0,1,0,0,1,0,1,0,0,0,0,0,2,2,0.0321,6.9000,0,2
8,41,1997,2,1,100,1,21,5,21,0,6,6,24,4,2,4,4,0,10,101,1,1,1,0,0,0,1,3,0,1,0,2,0,0,0,0,0,0,0,0,0,0,0,0,0,1,0,0,0,0,-0.2697,23.8000,0,16
8,43,1997,2,1,100,1,21,2,9,0,1,5,9,0,0,1,1,1,2,31,2,1,0,1,0,0,1,0,0,0,0,0,0,0,0,1,0,0,0,0,0,0,1,0,0,0,0,0,1,0,0.2330,10.9000,0,8
9,17,1997,1,1,100,1,21,8,30,0,5,8,31,1,1,0,0,6,9,98,0,1,1,1,0,0,5,0,0,0,0,0,0,0,0,0,0,0,1,1,0,0,0,0,0,0,0,0,0,0,0.6438,51.9000,0,24
9,18,1997,1,1,100,1,21,1,3,0,0,1,3,0,0,0,0,1,1,9,0,1,0,0,0,1,0,0,0,0,0,0,0,0,0,0,0,1,0,0,1,0,1,0,0,0,0,0,0,0,0.1996,8.3000,0,3
9,28,1997,2,1,100,1,21,1,4,0,0,1,4,0,0,0,0,1,2,22,2,1,0,0,0,0,0,0,0,0,0,0,0,0,0,0,0,0,1,0,0,0,1,0,0,0,0,0,1,0,0.1095,3.6000,0,5
9,35,1997,2,1,100,1,21,1,3,0,1,0,3,0,0,0,0,1,1,12,0,1,0,0,0,0,1,0,0,0,0,0,0,0,0,1,0,1,0,0,0,0,1,0,0,0,0,0,0,0,0.0380,2.7000,0,3
9,41,1997,2,1,100,1,21,5,19,0,4,3,26,0,6,1,1,5,6,102,0,1,1,0,1,0,4,0,0,0,0,0,0,0,0,1,1,0,0,0,0,0,0,0,0,2,1,0,0,0,0.1028,33.1000,0,15
9,43,1997,2,1,100,1,21,1,5,0,1,3,6,0,1,0,0,1,0,31,1,1,0,0,0,0,1,0,0,0,0,0,0,0,0,0,0,0,0,0,0,0,1,0,0,1,0,0,0,0,0.0531,5.5000,0,4
10,9,1997,1,1,100,1,21,1,5,0,2,2,6,0,0,1,1,1,0,22,0,1,0,0,0,0,1,0,0,0,0,1,0,0,0,0,1,0,0,0,0,0,1,0,0,0,0,0,0,0,-0.0438,1.7000,0,3
10,14,1997,1,1,100,1,21,1,5,0,1,3,5,0,0,0,0,0,1,30,1,1,0,0,0,0,1,0,0,0,0,0,0,0,0,0,0,0,0,0,0,0,1,0,0,1,0,0,1,0,0.0372,3.1000,0,4
10,15,1997,1,1,100,1,21,0,2,0,0,1,2,0,0,0,0,0,1,6,2,1,0,0,0,0,0,0,0,0,0,0,0,0,0,0,0,1,0,0,0,0,1,0,0,0,0,0,1,0,0.0315,1.4000,0,2
10,17,1997,1,1,100,1,21,5,21,0,6,4,23,1,2,4,3,6,5,102,0,1,1,0,1,0,5,0,0,0,1,0,0,0,0,0,0,0,0,0,0,0,0,0,0,0,0,0,0,0,-0.1800,18.1000,0,15
10,28,1997,2,1,100,1,21,1,7,0,1,3,7,0,0,1,1,0,2,23,2,1,0,0,0,0,0,1,0,0,0,0,0,0,0,1,0,0,0,0,0,0,1,0,0,1,0,1,1,0,0.0779,16.4000,0,5
10,35,1997,2,1,100,1,21,1,3,0,1,0,4,0,0,0,0,3,0,10,0,1,0,0,0,1,1,0,1,0,0,0,0,0,0,0,0,1,0,0,1,0,1,0,0,0,0,0,0,0,0.1617,9.1000,0,3
10,41,1997,2,1,100,1,21,6,25,0,7,7,27,5,1,3,3,3,9,101,1,1,1,1,0,0,3,2,0,1,1,1,0,0,0,0,0,0,0,1,0,0,0,0,0,0,0,0,0,0,0.0653,23.2000,0,19
11,9,1997,1,1,100,1,21,1,4,0,0,0,4,0,0,0,0,0,4,11,1,1,0,0,0,0,0,0,0,0,0,0,0,0,0,0,0,1,0,0,0,0,1,0,0,0,0,0,0,0,0.0358,1.6000,0,4
11,17,1997,1,1,100,1,21,6,28,0,9,6,31,4,2,6,6,6,7,106,2,1,1,0,1,0,7,0,0,0,0,2,0,0,0,0,1,0,1,0,0,0,0,0,0,1,0,0,0,0,-0.4668,39.5000,0,20
11,27,1997,2,1,100,1,21,2,6,0,1,0,7,0,1,1,1,4,1,26,0,1,0,1,0,0,0,0,0,0,0,1,0,0,0,0,0,0,1,0,0,0,1,0,0,0,0,0,0,0,0.0359,8.0000,0,6
11,35,1997,2,1,100,1,21,1,4,0,1,0,4,0,0,0,0,2,1,11,0,1,0,0,0,1,1,0,0,0,0,0,0,0,0,0,0,1,0,0,1,0,1,0,0,0,0,0,0,0,0.1617,9.5000,0,3
11,41,1997,2,1,100,1,21,6,23,0,6,5,26,2,2,4,4,4,8,99,0,1,1,0,0,0,3,1,0,1,0,2,0,0,0,0,0,0,1,0,0,0,0,0,0,1,0,0,0,0,-0.1686,19.4000,0,18
12,9,1997,1,1,100,1,21,2,12,0,5,0,14,0,2,2,2,2,5,41,1,1,0,0,0,0,3,1,0,0,0,1,0,0,0,0,0,1,0,0,0,0,1,0,0,0,0,0,3,3,-0.2018,4.9000,0,7
12,17,1997,1,1,100,1,21,5,24,0,5,4,28,3,4,7,5,9,4,108,2,1,1,0,1,0,4,1,0,0,0,0,0,0,0,0,0,0,0,0,0,0,0,0,0,1,0,0,0,0,-0.2416,44.3000,0,17
12,27,1997,2,1,100,1,21,3,9,0,0,1,14,0,4,0,0,1,7,67,0,1,0,0,0,1,0,0,0,0,0,0,0,0,0,0,1,1,0,0,2,0,1,0,0,1,0,0,0,0,0.0375,10.1000,0,9
12,41,1997,2,1,100,1,21,6,26,0,9,7,29,7,3,3,3,6,4,111,0,1,1,1,0,0,7,1,0,0,0,1,0,0,0,0,0,0,0,1,0,0,0,0,0,1,1,0,0,0,-0.0208,27.2000,0,18
13,9,1997,1,1,100,1,21,2,7,0,2,1,8,0,1,1,1,2,2,27,0,1,0,0,1,0,2,0,0,0,0,0,0,0,0,0,0,0,1,0,0,0,1,0,0,0,0,0,1,0,0.2754,24.1000,0,6
13,14,1997,1,1,100,1,21,1,3,0,0,2,5,0,2,2,2,0,1,22,0,1,0,0,0,0,0,0,0,0,0,0,0,0,0,0,0,0,0,0,0,0,1,0,0,0,0,1,0,0,-0.0576,6.6000,0,3
13,15,1997,1,1,100,1,21,0,3,0,1,1,3,0,0,1,1,0,1,9,2,1,0,0,0,0,0,0,0,0,0,1,0,0,0,1,0,1,0,0,0,0,1,0,0,0,0,0,1,1,-0.2885,10.2000,0,2
13,17,1997,1,1,100,1,21,6,25,0,7,4,28,7,1,5,4,3,11,103,0,1,1,0,0,0,5,1,0,1,0,1,0,0,0,0,1,0,0,0,0,0,0,0,0,1,0,0,0,0,-0.2981,32.1000,0,18
13,18,1997,1,1,100,1,21,2,9,0,3,1,9,0,0,1,1,1,4,25,0,1,0,0,0,0,3,0,0,0,0,0,0,0,0,1,0,0,0,0,1,1,1,0,0,0,0,0,2,2,-0.2142,24.9000,0,6
13,28,1997,2,1,100,1,21,1,4,0,1,1,6,0,2,0,0,1,1,22,0,1,0,0,0,0,1,0,0,0,0,0,0,0,1,0,0,0,0,0,0,0,1,0,0,0,0,0,1,1,0.0022,3.8000,0,3
13,35,1997,2,1,100,1,21,4,12,0,1,3,14,0,1,0,0,7,2,56,0,1,0,1,0,0,1,0,1,0,0,0,0,0,0,0,0,1,0,0,0,0,1,0,0,1,0,0,0,0,0.5509,30.2000,0,12
13,41,1997,2,1,100,1,21,5,20,0,6,3,25,5,3,5,5,5,8,102,1,1,1,0,0,0,3,2,1,1,0,1,0,0,0,1,0,0,0,0,0,0,0,0,0,0,0,0,0,0,-0.4028,22.5000,0,16
13,43,1997,2,1,100,1,21,1,8,0,4,1,11,0,2,3,3,0,4,42,2,1,0,0,0,0,3,0,0,1,1,0,0,0,0,1,0,0,0,0,1,1,1,0,0,0,0,0,3,1,-0.2732,23.1000,0,5
14,9,1997,1,1,100,1,21,1,6,0,3,0,6,0,0,0,0,0,3,22,0,1,0,0,0,0,2,1,0,0,0,0,0,0,0,0,0,0,0,0,0,0,1,0,0,0,0,0,0,0,-0.0220,5.3000,0,3
14,14,1997,1,1,100,1,21,1,3,0,0,1,5,0,2,0,0,1,1,22,1,1,0,0,0,0,0,0,0,0,0,0,0,0,0,0,0,0,1,0,0,0,1,0,0,0,0,0,2,0,0.0922,4.8000,0,4
14,15,1997,1,1,100,1,21,0,2,0,0,1,2,0,0,0,0,0,1,6,2,1,0,0,0,0,0,0,0,0,0,0,0,0,0,0,0,1,0,0,0,0,1,0,0,0,0,0,2,0,0.0504,2.2000,0,2
14,17,1997,1,1,100,1,21,5,19,0,5,2,23,2,3,3,3,2,10,96,0,1,1,0,1,0,2,1,0,0,0,2,0,0,0,0,1,0,1,0,0,0,0,0,0,0,0,0,0,0,-0.1524,26.5000,0,15
14,28,1997,2,1,100,1,21,2,7,0,0,0,7,0,0,0,0,3,3,20,0,1,0,0,0,0,0,0,0,0,0,0,0,0,0,1,0,0,0,0,0,0,1,0,0,0,0,1,0,0,0.2153,13.7000,0,6
14,35,1997,2,1,100,1,21,1,3,0,0,2,3,0,0,0,0,1,0,18,0,1,0,0,0,1,0,0,0,0,0,0,0,0,0,0,0,1,0,0,1,0,1,0,0,0,0,0,0,0,0.1617,6.6000,0,3
14,41,1997,2,1,100,1,21,6,20,0,4,4,22,3,1,2,2,3,10,101,0,1,1,1,0,0,1,2,0,1,1,0,0,0,0,1,0,0,1,1,0,0,0,0,0,1,0,0,0,0,0.0512,21.1000,0,18
15,9,1997,1,1,100,1,21,2,6,0,0,2,7,0,1,1,1,3,1,33,0,1,0,0,0,0,0,0,0,0,0,0,0,0,0,0,0,0,0,0,0,0,1,0,0,1,0,0,1,0,0.0129,1.3000,0,6
15,14,1997,1,1,100,1,21,1,6,0,3,1,9,0,1,4,4,1,1,32,0,1,0,0,1,0,0,2,0,1,0,1,0,0,0,0,1,0,0,0,0,0,1,0,0,0,0,0,2,1,-0.3746,11.6000,0,3
15,15,1997,1,1,100,1,21,1,5,0,2,0,5,0,0,0,0,1,2,14,0,1,0,0,0,0,2,0,0,0,0,0,0,0,0,0,0,1,0,0,0,0,1,0,0,0,0,0,1,1,-0.0035,0.5000,0,3
15,17,1997,1,1,100,1,21,2,15,0,7,3,16,4,0,6,5,3,1,38,1,1,1,0,0,0,5,2,0,0,0,0,0,0,0,0,1,0,0,0,0,0,0,0,0,0,0,0,0,0,-0.4539,19.5000,0,7
15,19,1997,1,1,100,1,21,1,8,0,3,1,10,0,2,1,1,2,2,40,2,1,0,0,0,0,2,1,0,0,0,0,0,0,0,1,0,0,0,0,0,0,1,0,0,0,0,0,1,0,-0.0033,3.9000,0,5
15,28,1997,2,1,100,1,21,2,8,0,2,5,8,0,0,1,1,1,0,33,0,1,0,0,0,0,1,0,0,0,0,1,0,0,0,0,0,1,0,0,0,0,1,0,0,0,0,0,1,0,0.0520,3.0000,0,6
15,40,1997,2,1,100,1,21,1,6,0,2,1,6,0,0,1,1,3,0,24,2,1,0,0,0,0,1,0,0,0,0,1,0,0,0,0,0,0,1,0,0,0,1,0,0,0,0,0,2,0,0.0198,4.0000,0,5
15,41,1997,2,1,100,1,21,3,22,0,9,4,23,6,1,6,3,7,0,98,2,1,1,0,0,0,8,1,0,0,0,0,0,0,0,0,0,0,0,0,0,0,0,0,0,0,0,0,0,0,-0.4915,25.1000,0,11
15,43,1997,2,1,100,1,21,1,8,0,3,1,8,0,0,0,0,3,1,28,2,1,0,1,0,0,3,0,0,0,0,0,0,0,0,0,0,0,0,0,0,0,1,0,0,0,0,0,1,0,0.0572,7.6000,0,5
16,9,1997,1,1,100,1,21,1,7,0,4,1,7,0,0,3,3,1,1,23,0,1,0,0,0,0,3,1,0,0,0,0,0,0,0,0,0,0,0,0,0,0,1,0,0,1,0,0,1,1,-0.1795,3.9000,0,3
16,14,1997,1,1,100,1,21,2,10,0,2,2,10,0,0,1,1,2,4,38,2,1,0,0,0,0,2,0,0,0,0,0,0,0,0,0,0,0,0,0,0,0,1,0,0,0,0,0,1,0,0.0754,6.0000,0,8
16,17,1997,1,1,100,1,21,3,18,0,7,3,21,3,3,6,6,1,7,87,2,1,1,0,1,0,5,1,0,0,0,1,0,0,0,0,0,0,0,0,0,0,0,0,0,2,0,0,0,0,-0.4656,19.4000,0,11
16,21,1997,1,1,100,1,21,0,1,0,0,0,2,0,0,0,0,1,1,4,2,1,0,0,0,0,0,0,0,1,0,0,0,0,0,0,0,1,0,0,0,0,1,0,0,0,0,0,1,1,-0.0044,0.2000,0,2
16,28,1997,2,1,100,1,21,0,3,0,2,0,4,0,1,1,1,1,0,19,1,1,0,0,0,0,2,0,0,0,0,0,0,0,0,0,0,0,0,0,0,0,1,0,0,0,0,1,0,0,-0.1982,7.3000,0,1
16,39,1997,2,1,100,1,21,2,9,0,1,2,9,0,0,1,1,3,3,40,2,1,0,0,0,1,0,0,0,0,0,1,0,0,0,0,0,1,0,0,1,0,1,0,0,0,0,0,2,0,0.1923,8.8000,0,8
16,41,1997,2,1,100,1,21,6,24,0,10,0,28,6,3,4,4,5,10,105,0,1,1,1,0,0,6,3,0,1,0,1,0,0,0,1,0,0,2,0,0,0,0,0,0,1,0,0,0,0,-0.1082,35.4000,0,18
17,9,1997,1,1,100,1,21,0,1,0,0,0,1,0,0,0,0,1,0,1,1,1,0,0,0,0,0,0,0,0,0,0,0,0,0,0,0,1,0,0,0,0,1,0,0,0,0,0,2,0,0.0000,0.1000,0,1
17,14,1997,1,1,100,1,21,1,7,0,2,3,10,0,2,3,3,1,1,48,2,1,0,0,0,0,1,1,0,0,0,0,0,0,0,0,1,0,0,0,0,0,1,0,0,1,0,0,2,2,-0.0386,4.5000,0,5
17,15,1997,1,1,100,1,21,4,17,0,6,2,18,0,1,3,3,4,5,55,0,1,0,0,0,0,4,2,0,0,0,0,0,0,0,0,0,0,1,0,0,0,1,0,0,0,0,0,1,0,-0.0003,3.1000,0,12
17,17,1997,1,1,100,1,21,1,9,0,5,1,11,0,2,7,7,1,2,45,1,1,1,0,1,0,4,0,0,0,0,1,0,0,0,0,0,0,0,0,0,0,0,0,0,0,0,0,0,0,-0.3167,9.9000,0,4
17,21,1997,1,1,100,1,21,0,5,0,3,1,7,0,2,4,4,1,0,32,2,1,0,0,0,0,1,2,0,0,0,0,0,0,0,0,0,0,0,0,0,0,1,0,0,0,0,0,2,2,-0.0066,3.8000,0,2
17,40,1997,2,1,100,1,21,0,1,0,0,0,1,0,0,0,0,0,1,7,1,1,0,0,0,0,0,0,0,0,0,0,0,0,0,0,0,1,0,0,0,0,1,0,0,0,0,0,1,0,0.0001,0.1000,0,1
17,41,1997,2,1,100,1,21,8,26,0,3,8,29,17,3,2,2,5,10,117,0,1,1,1,0,0,2,0,0,0,0,1,0,0,0,0,0,0,0,1,0,0,0,0,0,1,0,0,0,0,0.0978,16.6000,0,24
17,43,1997,2,1,100,1,21,0,4,0,2,0,6,0,2,3,3,1,1,27,2,1,0,0,0,0,1,0,0,0,0,1,0,0,0,1,0,0,0,0,0,0,1,0,0,0,0,0,1,1,0.0000,6.5000,0,2
18,14,1997,1,1,100,1,21,2,8,0,2,3,9,0,1,1,1,3,0,43,0,1,0,0,0,0,2,0,0,0,0,0,0,0,0,0,0,0,0,0,0,0,1,0,0,0,0,1,1,0,0.1003,8.7000,0,6
18,17,1997,1,1,100,1,21,5,26,0,10,5,28,7,2,5,5,3,8,89,1,1,1,1,0,0,6,1,0,0,0,3,0,0,0,0,0,0,0,0,0,0,0,0,0,0,0,0,0,0,-0.2334,29.0000,0,16
18,18,1997,1,1,100,1,21,1,3,0,0,2,3,0,0,0,0,1,0,19,0,1,0,0,0,1,0,0,0,0,0,0,0,0,0,0,0,1,0,0,1,0,1,0,0,0,0,0,0,0,0.0401,1.8000,0,3
18,19,1997,1,1,100,1,21,0,5,0,2,0,5,0,0,1,1,1,1,14,2,1,0,0,0,0,1,1,0,0,0,0,0,0,0,0,0,0,0,0,0,0,1,0,0,0,0,0,1,1,-0.0115,8.7000,0,2
18,28,1997,2,1,100,1,21,2,10,0,4,1,11,0,1,3,3,2,3,38,0,1,0,0,0,0,2,0,0,0,0,2,0,0,0,0,0,0,0,0,0,0,1,0,0,0,0,0,2,1,-0.1653,4.9000,0,6
18,39,1997,2,1,100,1,21,1,5,0,0,1,5,0,0,0,0,1,3,19,2,1,0,0,0,0,0,0,0,0,0,0,0,0,0,0,0,1,0,0,0,0,1,0,0,0,0,0,1,0,0.0115,0.8000,0,5
18,40,1997,2,1,100,1,21,1,4,0,1,0,6,0,2,1,1,1,2,22,0,1,0,0,0,0,0,1,0,0,0,0,0,0,0,0,0,0,0,0,0,0,1,0,0,0,0,0,1,1,-0.0739,4.2000,0,3
18,41,1997,2,1,100,1,21,3,12,0,3,3,16,3,3,5,5,2,4,71,0,1,1,0,1,0,1,0,0,0,0,2,0,0,0,2,1,0,0,0,0,0,0,0,0,0,0,0,0,0,-0.4546,22.2000,0,9
18,43,1997,2,1,100,1,21,1,4,0,0,1,5,0,1,1,1,2,1,23,1,1,0,0,0,0,0,0,0,0,0,0,0,0,0,0,0,0,0,0,0,0,1,0,0,0,0,0,0,0,0.0378,2.9000,0,4
19,9,1997,1,1,100,1,21,0,5,0,4,0,6,0,1,5,5,1,0,21,1,1,0,0,0,0,3,1,0,0,0,0,0,0,0,0,0,0,0,0,1,1,1,0,0,0,0,0,1,1,-0.6916,20.0000,0,1
19,14,1997,1,1,100,1,21,3,13,0,3,5,14,0,1,1,1,2,3,49,2,1,0,0,0,0,2,0,0,0,0,1,0,0,0,0,0,0,0,0,0,0,1,0,0,0,0,0,2,0,0.0465,7.3000,0,11
19,15,1997,1,1,100,1,21,1,6,0,1,2,8,0,2,0,0,0,3,35,2,1,0,0,0,0,1,0,0,0,0,0,0,0,0,0,0,0,0,0,0,0,1,0,0,0,0,0,2,2,-0.0555,7.3000,0,5
19,17,1997,1,1,100,1,21,0,4,0,3,0,9,0,4,5,5,1,1,35,2,1,1,0,0,0,2,0,0,1,1,0,0,0,0,0,0,0,0,0,0,0,0,0,0,0,0,0,0,0,-0.3340,11.1000,0,2
19,18,1997,1,1,100,1,21,2,6,0,0,2,9,0,3,1,1,1,3,33,0,1,0,0,1,0,0,0,0,0,0,0,0,0,0,0,0,0,0,0,0,0,1,0,0,0,0,0,0,0,0.2017,20.5000,0,6
19,19,1997,1,1,100,1,21,1,7,0,2,1,7,0,0,1,1,3,1,22,2,1,0,0,0,0,2,0,0,0,0,0,0,0,0,0,0,0,0,0,0,0,1,0,0,0,0,1,0,0,0.0680,8.2000,0,5
19,21,1997,1,1,100,1,21,0,4,0,2,1,4,0,0,2,2,0,1,14,2,1,0,0,0,0,1,0,0,0,0,1,0,0,0,0,0,1,0,0,0,0,1,0,0,0,0,0,1,1,-0.2885,13.5000,0,2
19,28,1997,2,1,100,1,21,0,3,0,1,1,3,0,0,0,0,0,1,14,2,1,0,1,0,0,1,0,0,0,0,0,0,0,0,0,0,1,0,0,0,0,1,0,0,0,0,0,1,0,0.1391,12.2000,0,2
19,35,1997,2,1,100,1,21,0,5,0,4,1,7,0,0,2,2,0,1,22,2,1,0,0,0,0,2,2,0,1,0,0,0,0,0,0,1,0,0,0,0,0,1,0,0,0,0,1,1,1,-0.5496,19.3000,0,2
19,39,1997,2,1,100,1,21,2,8,0,2,2,9,0,0,0,0,2,3,36,1,1,0,0,0,0,1,1,0,1,0,0,0,0,0,0,0,0,0,0,1,1,1,0,0,0,0,0,3,1,0.4094,30.7000,0,7
19,40,1997,2,1,100,1,21,1,6,0,2,0,6,0,0,1,1,0,3,25,0,1,0,0,0,0,2,0,0,0,0,0,0,0,0,0,0,0,0,0,0,0,1,0,0,0,0,0,1,1,-0.0594,5.7000,0,3
19,41,1997,2,1,100,1,21,4,23,0,10,4,25,6,2,7,6,5,3,80,0,1,1,0,0,0,6,3,0,0,0,1,0,0,0,0,0,0,0,0,0,0,0,0,0,0,0,0,0,0,-0.5408,26.9000,0,12
19,43,1997,2,1,100,1,21,2,9,0,3,3,11,0,1,2,1,0,4,44,1,1,0,0,0,0,2,1,0,1,0,0,0,0,0,1,0,0,0,0,0,0,1,0,0,1,0,0,2,1,0.0080,13.5000,0,7
20,14,1997,1,1,100,1,21,1,8,0,5,1,12,0,4,4,4,0,2,45,0,1,0,0,0,0,5,0,0,0,0,0,0,0,0,0,0,0,0,0,0,0,1,0,0,1,0,0,1,1,-0.0764,7.3000,0,3
20,15,1997,1,1,100,1,21,2,7,0,1,2,7,0,0,0,0,2,2,19,0,1,0,0,0,0,1,0,0,0,0,0,0,0,0,0,0,1,0,0,0,0,1,0,0,0,0,0,0,0,0.0000,0.6000,0,6
20,17,1997,1,1,100,1,21,0,7,0,5,0,9,1,2,7,7,0,2,27,2,1,1,0,1,0,3,2,0,0,0,0,0,0,0,0,0,0,0,0,0,0,0,0,0,0,0,0,0,0,-0.4496,13.1000,0,2
20,21,1997,1,1,100,1,21,4,15,0,2,3,18,0,2,0,0,5,5,55,1,1,0,0,0,0,2,0,0,0,0,0,0,0,0,2,1,0,0,0,0,0,1,0,0,0,0,0,2,0,0.0042,7.6000,0,13
20,40,1997,2,1,100,1,21,0,3,0,1,1,4,0,1,0,0,1,0,16,2,1,0,0,0,0,1,0,0,0,0,0,0,0,0,0,0,1,0,0,0,0,1,0,0,0,0,0,1,0,0.0001,2.3000,0,2
20,41,1997,2,1,100,1,21,6,24,0,6,5,24,11,0,2,2,3,10,96,0,1,1,1,0,0,5,1,0,0,0,0,0,0,0,0,0,0,0,1,0,0,0,0,0,1,0,0,0,0,-0.0644,18.5000,0,18
20,43,1997,2,1,100,1,21,2,9,0,3,1,11,0,2,0,0,1,4,41,1,1,0,0,0,0,3,0,0,0,0,0,0,0,0,0,0,0,1,0,0,0,1,0,0,0,0,0,0,0,0.0024,10.7000,0,7
21,9,1997,1,1,100,1,21,0,5,0,3,0,8,0,3,3,3,2,0,22,2,1,0,0,0,0,3,0,0,0,0,0,0,0,2,1,0,0,0,0,0,0,1,0,0,0,0,0,1,1,-0.2746,6.9000,0,2
21,17,1997,1,1,100,1,21,6,28,0,8,0,31,6,3,7,5,6,11,102,0,1,1,0,1,0,4,3,0,0,0,1,0,0,0,3,0,0,1,0,0,0,0,0,0,1,0,0,0,0,-0.6369,29.0000,0,18
21,19,1997,1,1,100,1,21,1,5,0,1,1,5,0,0,0,0,2,1,15,1,1,0,0,0,0,1,0,0,0,0,0,0,0,0,0,0,1,0,0,0,0,1,0,0,0,0,0,3,0,0.0143,0.8000,0,4
21,28,1997,2,1,100,1,21,1,6,0,3,3,9,0,3,3,0,0,0,40,0,1,0,1,0,0,3,0,0,0,0,0,0,0,0,1,0,0,0,0,1,1,1,0,0,0,0,0,2,2,-0.5694,24.4000,0,3
21,35,1997,2,1,100,1,21,1,5,0,1,0,7,0,1,0,0,1,4,23,2,1,0,0,0,1,1,0,0,1,0,0,0,0,0,0,0,1,0,0,1,0,1,0,0,0,0,0,3,1,0.1160,9.4000,0,5
21,39,1997,2,1,100,1,21,0,2,0,0,0,4,0,2,1,0,0,1,24,1,1,0,0,0,0,0,0,0,0,0,0,0,0,0,0,0,0,0,0,0,0,1,0,0,0,0,0,0,0,-0.0751,6.4000,0,1
21,41,1997,2,1,100,1,21,6,22,0,3,2,25,4,3,3,1,5,10,101,0,1,1,0,0,0,1,2,0,0,0,0,0,0,0,0,0,0,1,1,0,0,0,0,0,0,0,0,0,0,0.0913,25.2000,0,18
22,9,1997,1,1,100,1,21,0,1,0,0,0,1,0,0,0,0,0,1,6,2,1,0,0,0,0,0,0,0,0,0,0,0,0,0,0,0,1,0,0,0,0,1,0,0,0,0,0,1,0,0.0028,0.0000,0,2
22,14,1997,1,1,100,1,21,1,8,0,3,4,8,0,0,1,1,0,1,33,2,1,0,0,0,0,3,0,0,0,0,0,0,0,0,0,0,0,0,0,0,0,1,0,0,0,0,0,0,0,0.0058,1.4000,0,5
22,17,1997,1,1,100,1,21,4,22,0,8,4,24,1,0,7,7,3,7,97,2,1,1,0,1,0,5,1,0,0,0,2,0,0,0,1,2,0,0,0,0,0,0,0,0,3,0,0,0,0,-0.3369,15.5000,0,14
22,19,1997,1,1,100,1,21,1,5,0,2,2,6,0,0,0,0,0,1,21,0,1,0,0,0,0,2,0,0,0,0,0,0,0,0,0,1,0,0,0,0,0,1,0,0,0,0,0,1,1,-0.0111,1.1000,0,3
22,35,1997,2,1,100,1,21,1,3,0,0,0,3,0,0,0,0,1,2,7,0,1,0,0,0,1,0,0,0,0,0,0,0,0,0,0,0,1,0,0,1,0,1,0,0,0,0,0,0,0,0.0326,1.5000,0,3
22,41,1997,2,1,100,1,21,6,22,0,4,6,24,7,2,2,2,3,9,101,0,1,1,1,0,0,2,1,0,0,0,1,0,0,0,0,0,0,0,1,0,0,0,0,0,1,0,0,0,0,0.0981,21.1000,0,18
22,43,1997,2,1,100,1,21,2,10,0,4,1,10,0,0,3,3,4,1,34,0,1,0,0,0,0,1,1,0,0,0,2,0,0,0,0,0,0,0,0,0,0,1,0,0,0,0,0,0,0,-0.0100,4.8000,0,6
23,14,1997,1,1,100,1,21,2,8,0,1,2,8,0,0,0,0,3,1,26,0,1,0,0,0,0,0,1,0,0,0,0,0,0,0,0,0,1,0,0,0,0,1,0,0,1,0,0,0,0,0.0181,1.7000,0,6
23,17,1997,1,1,100,1,21,6,24,0,7,2,27,1,2,4,3,5,9,96,0,1,1,0,1,0,5,1,0,0,0,1,0,0,0,0,1,0,2,1,0,0,0,0,0,1,0,0,0,0,-0.1140,20.0000,0,18
23,35,1997,2,1,100,1,21,1,3,0,0,3,4,0,1,0,0,0,0,15,0,1,0,0,0,1,0,0,0,0,0,0,0,0,0,0,0,1,0,0,1,0,1,0,0,0,0,0,0,0,0.0326,3.8000,0,3
23,39,1997,2,1,100,1,21,1,4,0,0,1,4,0,0,0,0,0,2,18,0,1,0,0,0,0,0,0,0,0,0,0,0,0,0,0,0,0,0,0,0,0,1,0,0,0,0,1,0,0,0.0421,4.5000,0,3
23,41,1997,2,1,100,1,21,7,25,0,5,6,28,4,2,1,1,6,9,105,0,1,1,1,0,0,4,1,0,1,0,0,0,0,0,0,0,0,0,1,0,0,0,0,0,0,0,0,0,0,0.2895,27.4000,0,21
24,14,1997,1,1,100,1,21,3,9,0,0,2,10,0,1,0,0,2,5,36,0,1,0,0,0,0,0,0,0,0,0,0,0,0,0,0,0,0,0,0,0,0,1,0,0,0,0,1,0,0,0.1938,9.8000,0,9
24,17,1997,1,1,100,1,21,5,21,0,5,3,26,5,5,4,4,6,6,109,0,1,1,0,0,0,4,1,0,0,0,0,0,0,0,1,0,0,0,0,0,0,0,0,0,1,0,0,0,0,-0.2551,34.1000,0,15
24,18,1997,1,1,100,1,21,3,13,0,4,4,13,0,0,3,3,3,2,41,0,1,0,1,0,0,2,2,0,0,0,0,0,0,0,0,0,1,0,0,1,1,1,0,0,0,0,0,0,0,-0.2820,29.3000,0,9
24,28,1997,2,1,100,1,21,1,5,0,2,2,6,0,0,0,0,0,1,22,0,1,0,0,0,0,1,1,0,0,0,0,0,0,0,1,1,0,0,0,0,0,1,0,0,0,0,0,2,2,-0.1530,5.6000,0,3
24,35,1997,2,1,100,1,21,1,3,0,0,0,3,0,0,0,0,1,2,4,0,1,0,0,0,0,0,0,0,0,0,0,0,0,0,0,0,0,0,0,0,0,1,0,0,0,0,0,1,0,0.0125,0.6000,0,3
24,39,1997,2,1,100,1,21,1,5,0,0,2,6,0,1,2,0,2,0,29,1,1,0,0,1,0,0,0,0,0,0,0,0,0,0,0,0,0,0,0,0,0,1,0,0,0,0,0,0,0,0.0561,13.1000,0,4
24,40,1997,2,1,100,1,21,0,3,0,1,0,4,0,1,0,0,2,0,21,2,1,0,0,0,0,1,0,0,0,0,0,0,0,0,0,0,0,0,0,0,0,1,0,0,0,0,0,2,0,0.0194,2.4000,0,2
24,41,1997,2,1,100,1,21,5,22,0,6,3,24,4,2,5,5,7,6,102,2,1,1,0,0,0,1,2,0,0,1,2,0,0,0,0,0,0,1,0,0,0,0,0,0,1,0,0,0,0,-0.4413,22.0000,0,17
24,43,1997,2,1,100,1,21,0,3,0,0,1,5,0,2,2,0,0,2,27,2,1,0,0,0,0,0,0,0,0,0,0,0,0,0,0,0,0,0,0,0,0,1,0,0,1,0,0,1,0,0.0012,6.5000,0,2
24,50,1997,2,1,100,1,21,0,2,0,1,0,4,0,1,1,0,0,2,12,2,1,0,0,0,0,1,0,0,1,0,0,0,0,0,0,0,1,0,0,0,0,1,0,0,1,0,0,2,2,-0.3783,6.1000,0,2
25,17,1997,1,1,100,1,21,7,28,0,9,6,30,1,1,1,1,6,8,100,0,1,1,0,0,0,9,0,1,0,0,0,0,0,0,0,0,0,0,1,0,0,0,0,0,0,0,0,0,0,0.2727,37.8000,0,21
25,18,1997,1,1,100,1,21,0,4,0,2,0,4,0,0,1,0,0,1,13,1,1,0,0,1,0,2,0,0,0,0,0,0,0,0,0,0,1,0,0,0,0,1,0,0,0,0,0,0,0,-0.3623,12.7000,0,1
25,19,1997,1,1,100,1,21,1,3,0,0,1,4,0,1,0,0,2,0,19,0,1,0,0,0,0,0,0,0,0,0,0,0,0,0,0,0,0,0,0,0,0,1,0,0,0,0,0,0,0,0.1070,7.4000,0,3
25,28,1997,2,1,100,1,21,1,4,0,1,0,5,0,1,0,0,1,2,11,2,1,0,0,0,0,1,0,0,0,0,0,0,0,1,0,0,0,1,0,0,0,1,0,0,0,0,0,1,0,0.2273,9.6000,0,5
25,35,1997,2,1,100,1,21,1,5,0,2,2,5,0,0,0,0,0,1,26,0,1,0,1,0,0,2,0,0,0,0,0,0,0,0,0,0,1,0,0,0,0,1,0,0,0,0,0,0,0,0.1377,18.5000,0,3
25,41,1997,2,1,100,1,21,6,27,0,8,8,27,1,0,1,1,6,5,101,1,1,1,0,0,0,6,1,0,0,0,1,0,0,0,0,0,0,0,1,0,0,0,0,0,1,0,0,0,0,0.1123,26.1000,0,19
26,9,1997,1,1,100,1,21,2,7,0,1,0,7,0,0,0,0,1,5,21,0,1,0,0,0,0,1,0,0,0,0,0,0,0,0,0,0,0,0,0,0,0,1,0,0,0,0,0,0,0,0.1934,9.3000,0,6
26,17,1997,1,1,100,1,21,6,20,0,4,4,25,2,4,2,2,5,8,110,0,1,1,0,0,0,2,1,1,0,0,1,0,0,0,0,0,0,0,1,0,0,0,0,0,0,0,0,0,0,0.0670,22.3000,0,18
26,18,1997,1,1,100,1,21,0,5,0,3,0,5,0,0,1,1,1,1,13,2,1,0,0,1,0,3,0,0,0,0,0,0,0,0,0,0,1,0,0,0,0,1,0,0,0,0,0,0,0,-0.3623,15.8000,0,2
26,35,1997,2,1,100,1,21,1,4,0,1,1,5,0,1,0,0,0,2,19,0,1,0,1,0,0,1,0,0,0,0,0,0,0,0,0,0,1,0,0,0,0,1,0,0,1,0,0,0,0,0.1377,15.6000,0,3
26,39,1997,2,1,100,1,21,0,2,0,0,1,2,0,0,0,0,1,0,11,2,1,0,0,0,0,0,0,0,0,0,0,0,0,0,0,0,0,0,0,0,0,1,0,0,0,0,0,1,0,0.1100,4.2000,0,2
26,41,1997,2,1,100,1,21,5,20,0,5,5,24,2,4,1,1,2,8,98,0,1,1,0,0,0,2,3,0,0,0,0,0,0,0,2,0,0,0,0,0,0,0,0,0,0,0,0,0,0,0.1447,26.5000,0,15
26,43,1997,2,1,100,1,21,2,8,0,1,2,9,0,1,1,1,2,3,41,1,1,0,0,0,0,0,0,0,0,0,1,0,0,0,0,0,0,0,0,1,1,1,0,0,0,0,0,0,0,-0.0344,11.5000,0,7
27,14,1997,1,1,100,1,21,2,9,0,1,1,10,0,1,0,0,2,5,26,2,1,0,0,0,0,1,0,0,0,0,0,0,0,0,0,0,1,0,0,0,0,1,0,0,0,0,0,1,0,0.0430,3.4000,0,8
27,17,1997,1,1,100,1,21,5,22,0,9,4,25,2,1,5,5,5,6,89,1,1,1,0,1,0,7,1,0,2,0,1,0,0,0,0,0,0,1,0,0,0,0,0,0,0,0,0,0,0,-0.3025,27.2000,0,16
27,35,1997,2,1,100,1,21,1,4,0,1,1,4,0,0,0,0,0,2,19,0,1,0,0,0,1,1,0,0,0,0,0,0,0,0,0,0,1,0,0,1,0,1,0,0,0,0,0,0,0,0.0726,6.1000,0,3
27,39,1997,2,1,100,1,21,0,2,0,0,1,2,0,0,0,0,0,1,7,2,1,0,0,0,0,0,0,0,0,0,0,0,0,0,0,0,0,0,0,0,0,1,0,0,0,0,1,0,0,0.0377,1.6000,0,2
27,41,1997,2,1,100,1,21,5,20,0,5,5,24,4,4,2,2,4,6,97,0,1,1,1,0,0,4,1,0,0,0,0,0,0,0,0,0,0,0,0,0,0,0,0,0,1,0,0,0,0,0.0078,27.7000,0,15
27,43,1997,2,1,100,1,21,2,9,0,2,3,11,0,2,1,1,0,4,47,1,1,0,0,0,0,1,0,0,0,0,1,0,0,0,1,0,0,0,0,0,0,1,0,0,1,0,1,0,0,0.0825,15.2000,0,7
28,14,1997,1,1,100,1,21,2,7,0,1,2,10,0,2,2,2,3,2,28,1,1,0,0,0,0,1,0,0,1,0,0,0,0,0,0,0,0,0,0,0,0,1,0,0,0,0,0,3,2,-0.0041,8.1000,0,7
28,17,1997,1,1,100,1,21,3,17,0,6,2,23,4,4,7,6,3,4,98,0,1,1,0,1,0,6,0,0,0,0,0,0,0,0,0,2,0,0,0,0,0,0,0,0,0,0,0,0,0,-0.5184,33.8000,0,9
28,19,1997,1,1,100,1,21,2,11,0,5,1,12,0,1,4,3,3,2,47,0,1,0,0,0,0,4,0,0,0,0,1,0,0,0,0,0,0,0,0,0,0,1,0,0,0,0,0,2,2,-0.0670,3.6000,0,6
28,21,1997,1,1,100,1,21,0,5,0,2,0,5,0,0,2,0,0,2,15,2,1,0,0,0,0,1,1,0,0,0,0,0,0,0,0,0,1,0,0,0,0,1,0,0,0,0,0,1,1,-0.0004,0.5000,0,2
28,40,1997,2,1,100,1,21,1,4,0,1,0,4,0,0,0,0,1,2,9,0,1,0,0,0,0,1,0,0,0,0,0,0,0,0,0,0,1,0,0,0,0,1,0,0,0,0,0,1,0,0.0001,2.7000,0,3
28,41,1997,2,1,100,1,21,5,22,0,7,2,23,7,1,4,4,5,8,100,0,1,1,1,0,0,6,0,0,0,1,0,0,0,0,0,0,0,0,0,0,0,0,0,0,0,0,0,0,0,-0.1838,20.5000,0,15
28,43,1997,2,1,100,1,21,3,11,0,2,2,12,0,1,0,0,0,7,43,0,1,0,0,0,0,1,1,0,0,0,0,0,0,0,0,0,0,0,0,0,0,1,0,0,0,0,1,0,0,0.0537,7.6000,0,9
29,14,1997,1,1,100,1,21,2,9,0,4,2,9,0,0,1,1,1,2,26,0,1,0,0,0,0,3,1,0,0,0,0,0,0,0,0,0,0,1,0,0,0,1,0,0,0,0,0,1,0,0.0020,1.8000,0,6
29,17,1997,1,1,100,1,21,4,17,0,5,5,21,1,3,5,2,2,4,76,0,1,1,0,1,0,4,0,1,0,0,1,0,0,0,0,0,0,1,0,0,0,0,0,0,1,0,0,0,0,-0.2685,16.5000,0,12
29,19,1997,1,1,100,1,21,0,5,0,4,0,5,0,0,3,3,1,0,19,2,1,0,0,0,0,1,3,0,0,0,0,0,0,0,1,0,0,1,0,0,0,1,0,0,0,0,0,1,0,-0.0105,0.9000,0,2
29,21,1997,1,1,100,1,21,1,5,0,3,0,9,0,1,2,2,1,3,23,1,1,0,0,0,0,3,0,0,2,0,0,0,1,0,0,0,1,0,0,0,0,1,0,0,0,0,0,1,0,-0.0006,1.1000,0,4
29,41,1997,2,1,100,1,21,7,24,0,3,5,28,9,3,1,1,9,7,98,0,1,1,1,0,0,2,0,0,0,0,1,0,0,0,0,1,0,0,1,0,0,0,0,0,1,0,0,0,0,0.1812,19.4000,0,21
29,43,1997,2,1,100,1,21,2,11,0,4,2,11,0,0,2,1,0,4,39,0,1,0,0,0,0,3,1,0,0,0,0,0,0,0,0,0,1,0,0,0,0,1,0,0,0,0,0,0,0,0.0013,8.7000,0,6
30,14,1997,1,1,100,1,21,1,5,0,2,2,8,0,2,1,1,1,1,29,1,1,0,0,0,0,2,0,1,0,0,0,0,0,0,0,0,0,0,0,0,0,1,0,0,1,0,0,0,0,-0.0167,1.9000,0,4
30,17,1997,1,1,100,1,21,5,23,0,8,4,26,0,3,4,2,2,8,110,0,1,1,0,1,0,8,0,0,0,0,0,0,0,0,0,0,0,1,0,0,0,0,0,0,0,0,0,0,0,-0.1563,33.5000,0,15
30,19,1997,1,1,100,1,21,1,7,0,2,2,7,0,0,0,0,0,3,18,2,1,0,0,0,0,2,0,0,0,0,0,0,0,0,0,0,1,0,0,0,0,1,0,0,0,0,0,1,0,0.0338,2.5000,0,5
30,28,1997,2,1,100,1,21,0,1,0,0,0,1,0,0,0,0,0,1,2,1,1,0,0,0,0,0,0,0,0,0,0,0,0,0,0,0,0,0,0,0,0,1,0,0,0,0,1,1,0,0.0564,2.1000,0,1
30,35,1997,2,1,100,1,21,1,4,0,1,2,6,0,2,0,0,1,0,34,0,1,0,0,0,1,0,1,0,0,0,0,0,0,0,0,0,1,0,0,1,0,1,0,0,0,0,0,0,0,0.1617,30.6000,0,3
30,40,1997,2,1,100,1,21,0,5,0,3,0,6,0,1,3,3,0,2,19,2,1,0,0,0,0,1,2,0,0,0,0,0,0,0,0,0,0,0,0,0,0,1,0,0,0,0,0,1,1,-0.1582,7.6000,0,2
30,41,1997,2,1,100,1,21,5,17,0,2,5,23,4,6,0,0,3,7,101,0,1,1,1,0,0,2,0,0,0,0,0,0,0,0,0,0,0,0,0,0,0,0,0,0,0,0,0,0,0,0.1967,29.7000,0,15
30,43,1997,2,1,100,1,21,2,7,0,1,4,8,0,1,1,1,2,0,34,0,1,0,0,0,0,1,0,0,0,0,0,0,0,0,0,0,0,0,0,0,0,1,0,0,1,0,0,1,0,0.0643,5.0000,0,6
31,14,1997,1,1,100,1,21,1,7,0,2,1,10,0,3,1,1,2,2,44,2,1,0,0,0,0,1,0,0,0,0,1,0,0,0,0,0,0,0,0,0,0,1,0,0,0,0,0,1,0,-0.1013,13.7000,0,5
31,17,1997,1,1,100,1,21,5,18,0,1,4,25,2,6,2,1,3,9,100,1,1,1,0,0,0,1,0,0,0,0,0,0,0,0,1,1,0,0,0,0,0,0,0,0,2,0,0,0,0,0.0314,24.8000,0,16
31,18,1997,1,1,100,1,21,2,7,0,1,0,8,0,1,1,1,3,3,21,0,1,0,1,0,0,0,0,0,0,0,1,0,0,0,0,0,1,0,0,0,0,1,0,0,0,0,0,0,0,0.2272,16.1000,0,6
31,19,1997,1,1,100,1,21,1,2,0,0,0,3,0,1,0,0,1,1,14,0,1,0,0,0,0,0,0,0,0,0,0,0,0,0,0,0,0,1,0,0,0,1,0,0,0,0,0,1,0,0.0501,1.8000,0,3
31,35,1997,2,1,100,1,21,1,4,0,1,1,8,0,3,2,2,1,2,40,1,1,0,0,1,0,1,0,1,0,0,0,0,0,0,0,0,0,0,0,1,1,1,0,0,0,0,0,1,0,-0.2259,27.5000,0,4
31,39,1997,2,1,100,1,21,1,4,0,2,0,6,0,1,1,1,1,2,12,0,1,0,0,0,0,1,1,0,1,0,0,0,0,1,0,0,1,0,0,0,0,1,0,0,0,0,0,1,1,-0.3288,11.5000,0,3
31,41,1997,2,1,100,1,21,5,19,0,6,6,23,2,4,2,2,2,5,101,0,1,1,0,0,0,4,1,0,0,1,0,0,0,0,1,0,0,1,0,0,0,0,0,0,1,0,0,0,0,0.0094,31.4000,0,15
31,43,1997,2,1,100,1,21,2,8,0,0,1,10,0,1,0,0,0,7,45,2,1,0,0,0,0,0,0,0,0,0,0,0,1,0,0,0,0,0,0,0,0,1,0,0,0,0,0,0,0,0.2128,13.8000,0,8
32,9,1997,1,1,100,1,21,1,3,0,0,1,4,0,1,0,0,1,1,13,0,1,0,0,0,0,0,0,0,0,0,0,0,0,1,0,0,1,0,0,0,0,1,0,0,0,0,0,1,0,0.0138,0.9000,0,3
32,14,1997,1,1,100,1,21,1,7,0,5,0,10,0,1,3,3,2,2,39,2,1,0,0,0,0,3,2,0,2,0,0,0,0,0,0,0,0,1,0,0,0,1,0,0,0,0,0,3,3,-0.1954,5.6000,0,5
32,17,1997,1,1,100,1,21,3,16,0,9,3,20,6,3,9,9,2,2,67,0,1,1,0,1,0,7,2,0,0,0,0,0,0,0,0,1,0,1,0,0,0,0,0,0,0,0,0,0,0,-0.6066,28.8000,0,9
32,19,1997,1,1,100,1,21,2,9,0,2,2,10,0,1,0,0,1,4,32,1,1,0,0,0,0,0,2,0,0,0,0,0,0,0,0,0,0,0,0,0,0,1,0,0,0,0,0,1,0,-0.0004,2.2000,0,7
32,28,1997,2,1,100,1,21,1,3,0,1,0,5,0,2,3,3,1,1,24,0,1,0,0,0,0,1,0,0,0,0,0,0,0,0,0,0,0,1,0,0,0,1,0,0,0,0,0,1,0,-0.0117,3.8000,0,3
32,35,1997,2,1,100,1,21,1,3,0,0,1,3,0,0,0,0,0,2,10,0,1,0,0,0,1,0,0,0,0,0,0,0,0,0,0,0,1,0,0,1,0,1,0,0,0,0,0,0,0,0.0326,1.5000,0,3
32,39,1997,2,1,100,1,21,0,3,0,1,1,3,0,0,0,0,1,0,7,2,1,0,0,0,0,0,1,0,0,0,0,0,0,0,0,0,0,0,0,0,0,1,0,0,0,0,0,2,2,0.0034,3.6000,0,2
32,40,1997,2,1,100,1,21,1,5,0,0,4,8,0,3,0,0,0,1,35,2,1,0,0,0,0,0,0,0,0,0,0,0,0,0,0,0,0,0,0,0,0,1,0,0,0,0,1,3,0,0.0684,7.0000,0,5
32,41,1997,2,1,100,1,21,2,12,0,6,0,15,3,2,6,6,1,6,59,1,1,1,0,0,0,3,2,0,1,0,1,0,0,0,0,0,0,0,0,0,0,0,0,0,0,0,0,0,0,-0.4879,12.8000,0,7
32,43,1997,2,1,100,1,21,2,10,0,3,3,12,0,2,0,0,0,4,48,1,1,0,1,0,0,3,0,0,0,0,0,0,0,0,0,0,0,0,0,0,0,1,0,0,0,0,0,1,0,0.0666,9.6000,0,7
33,14,1997,1,1,100,1,21,1,6,0,3,0,7,0,1,2,2,1,2,21,0,1,0,1,0,0,1,1,0,0,0,1,0,0,0,0,0,0,0,0,0,0,1,0,0,0,0,0,0,0,-0.1365,3.4000,0,3
33,17,1997,1,1,100,1,21,6,24,0,6,6,25,1,1,4,3,6,5,98,0,1,1,0,0,0,5,1,0,0,0,0,0,0,0,0,0,0,0,1,0,0,0,0,0,0,0,0,0,0,-0.1736,18.7000,0,18
33,18,1997,1,1,100,1,21,1,3,0,0,0,3,0,0,0,0,1,2,10,0,1,0,0,0,1,0,0,0,0,0,0,0,0,0,0,0,1,0,0,1,0,1,0,0,0,0,0,0,0,0.1996,8.3000,0,3
33,19,1997,1,1,100,1,21,1,4,0,1,1,4,0,0,0,0,1,1,9,0,1,0,0,0,0,1,0,0,0,0,0,0,0,0,0,0,0,0,0,0,0,1,0,0,0,0,1,1,0,0.2387,14.8000,0,3
33,35,1997,2,1,100,1,21,1,3,0,0,0,3,0,0,0,0,0,3,16,0,1,0,0,0,0,0,0,0,0,0,0,0,0,0,0,0,1,0,0,0,0,1,0,0,0,0,0,0,0,0.0380,1.7000,0,3
33,39,1997,2,1,100,1,21,0,3,0,2,0,3,0,0,1,1,0,1,10,1,1,0,0,1,0,0,2,0,0,0,0,0,0,0,0,0,0,0,0,0,0,1,0,0,0,0,0,0,0,-0.2798,5.1000,0,1
33,41,1997,2,1,100,1,21,7,26,0,6,4,28,6,2,1,1,5,11,99,0,1,1,0,0,0,5,1,0,0,0,0,0,0,0,0,0,0,1,1,0,0,0,0,0,1,0,0,0,0,0.2298,28.6000,0,21
33,43,1997,2,1,100,1,21,0,5,0,3,0,7,0,2,5,5,1,1,25,2,1,0,0,0,0,0,1,0,0,0,2,0,0,0,0,0,0,0,0,0,0,1,0,0,0,0,0,0,0,-0.3999,5.5000,0,2
34,14,1997,1,1,100,1,21,1,7,0,2,1,8,0,1,1,1,1,3,31,2,1,0,0,0,0,1,1,0,0,0,0,0,0,0,0,0,0,0,0,0,0,1,0,0,0,0,0,1,1,-0.0737,2.4000,0,5
34,17,1997,1,1,100,1,21,3,19,0,8,2,20,2,1,6,6,2,7,55,2,1,1,0,1,0,5,3,0,0,0,0,0,0,0,0,0,0,0,0,0,0,0,0,0,0,0,0,0,0,-0.4081,30.0000,0,11
34,19,1997,1,1,100,1,21,2,10,0,3,1,11,0,1,1,1,4,2,30,2,1,0,0,0,0,1,2,0,0,0,0,0,0,0,0,0,1,1,0,0,0,1,0,0,0,0,0,1,0,0.0001,1.5000,0,8
34,41,1997,2,1,100,1,21,5,19,0,4,7,23,7,4,2,2,1,7,101,1,1,1,1,0,0,4,0,0,0,0,0,0,0,0,0,0,0,1,0,0,0,0,0,0,0,0,0,0,0,-0.0686,27.0000,0,16
34,43,1997,2,1,100,1,21,3,12,0,1,3,13,0,1,0,0,2,6,52,2,1,0,0,0,1,1,0,0,0,0,0,0,0,0,1,0,1,0,0,2,0,1,0,0,0,0,0,1,0,0.0468,6.1000,0,11
35,9,1997,1,1,100,1,21,0,1,0,0,0,2,0,1,0,0,1,0,10,2,1,0,0,0,0,0,0,0,0,0,0,0,0,0,0,0,1,1,0,0,0,1,0,0,0,0,0,1,0,0.0063,0.5000,0,2
35,14,1997,1,1,100,1,21,2,10,0,4,3,12,0,1,2,2,2,2,45,1,1,0,0,0,0,3,1,0,1,0,0,0,0,0,1,0,0,0,0,0,0,1,0,0,0,0,0,1,1,-0.1068,7.9000,0,7
35,17,1997,1,1,100,1,21,4,20,0,7,5,25,3,4,5,4,2,5,99,0,1,1,0,1,0,5,0,0,1,0,2,0,0,0,0,0,0,0,0,0,0,0,0,0,0,0,0,0,0,-0.3371,39.5000,0,12
35,19,1997,1,1,100,1,21,1,6,0,3,0,7,0,1,0,0,1,2,31,0,1,0,0,0,0,3,0,0,0,0,0,0,0,0,0,0,0,0,0,0,0,1,0,0,0,0,0,1,1,-0.0215,2.1000,0,3
35,28,1997,2,1,100,1,21,0,3,0,1,0,3,0,0,0,0,1,0,11,2,1,0,0,0,0,0,1,0,0,0,0,0,0,0,0,0,0,1,0,0,0,1,0,0,0,0,0,1,1,0.0129,4.2000,0,2
35,35,1997,2,1,100,1,21,1,5,0,2,2,6,0,1,1,1,0,1,22,0,1,0,0,0,1,1,1,0,0,0,0,0,0,0,0,0,1,0,0,1,0,1,0,0,0,0,0,0,0,0.0326,12.4000,0,3
35,41,1997,2,1,100,1,21,5,21,0,7,5,26,6,5,3,3,3,6,111,0,1,1,1,0,0,6,1,0,0,0,0,0,0,0,0,0,0,0,0,0,0,0,0,0,0,1,0,0,0,-0.1330,34.7000,0,15
35,43,1997,2,1,100,1,21,2,9,0,2,1,9,0,0,1,1,2,4,28,1,1,0,0,0,0,1,1,0,0,0,0,0,0,0,0,0,0,0,0,0,0,1,0,0,1,0,1,0,0,0.0883,6.8000,0,7
36,14,1997,1,1,100,1,21,3,11,0,3,3,12,0,1,0,0,3,2,39,0,1,0,0,0,0,2,1,0,0,0,0,0,0,0,0,0,0,1,0,0,0,1,0,0,0,0,0,0,0,0.0201,2.4000,0,9
36,17,1997,1,1,100,1,21,4,17,0,6,5,24,0,6,4,4,3,3,103,0,1,1,0,1,0,6,0,0,0,0,0,0,0,0,0,1,0,1,0,0,0,0,0,0,1,0,0,0,0,-0.2069,22.8000,0,12
36,19,1997,1,1,100,1,21,1,4,0,1,1,4,0,0,0,0,0,2,17,0,1,0,0,0,0,1,0,0,0,0,0,0,0,0,0,0,1,0,0,0,0,1,0,0,0,0,0,1,0,0.0138,0.8000,0,3
36,28,1997,2,1,100,1,21,1,3,0,1,1,4,0,0,0,0,1,1,14,0,1,0,0,0,0,0,1,0,1,0,0,0,0,0,0,0,0,0,0,0,0,1,0,0,0,0,0,1,1,0.0309,4.9000,0,3
36,35,1997,2,1,100,1,21,1,3,0,1,0,3,0,0,0,0,2,0,10,0,1,0,0,0,1,1,0,0,0,0,0,0,0,0,0,0,1,1,0,1,0,1,0,0,0,0,0,0,0,0.0326,2.3000,0,3
36,41,1997,2,1,100,1,21,7,26,0,6,3,29,4,3,1,1,11,6,107,0,1,1,1,0,0,5,1,0,0,0,0,0,0,0,0,0,0,1,1,0,0,0,0,0,1,0,0,0,0,0.2236,27.1000,0,21
37,14,1997,1,1,100,1,21,0,3,0,2,0,6,0,3,6,4,0,0,23,0,1,0,0,0,0,2,0,0,0,0,0,0,0,0,1,0,0,0,0,0,0,1,0,0,0,0,0,1,1,-0.0930,2.5000,0,0
37,15,1997,1,1,100,1,21,0,2,0,0,1,2,0,0,0,0,0,1,11,2,1,0,0,0,0,0,0,0,0,0,0,0,0,0,0,0,1,0,0,0,0,1,0,0,0,0,0,1,0,0.0000,0.2000,0,2
37,17,1997,1,1,100,1,21,4,18,0,6,3,21,2,2,6,1,5,2,80,0,1,1,0,1,0,5,1,0,1,0,0,0,0,0,2,0,0,1,0,0,0,0,0,0,0,0,0,0,0,-0.4013,25.5000,0,12
37,19,1997,1,1,100,1,21,2,11,0,5,1,12,0,0,2,2,3,3,36,1,1,0,0,0,0,4,0,0,1,0,1,0,0,0,3,0,0,0,0,0,0,1,0,0,0,0,0,3,3,-0.0039,3.3000,0,7
37,21,1997,1,1,100,1,21,1,6,0,3,1,8,0,2,3,3,1,1,28,0,1,0,0,0,0,2,1,0,0,0,0,0,0,0,0,0,0,0,0,0,0,1,0,0,0,0,0,1,0,-0.0001,1.0000,0,3
37,40,1997,2,1,100,1,21,1,4,0,1,2,5,0,1,0,0,1,0,16,0,1,0,0,0,0,0,1,0,0,0,0,0,0,0,0,0,1,0,0,0,0,1,0,0,0,0,0,0,0,0.0001,2.6000,0,3
37,41,1997,2,1,100,1,21,5,20,0,4,4,23,12,3,2,1,8,3,101,0,1,1,1,0,0,3,1,0,0,0,0,0,0,0,0,0,0,0,0,0,0,0,0,0,0,0,0,0,0,-0.0402,26.2000,0,15
37,43,1997,2,1,100,1,21,3,12,0,3,2,14,0,2,0,0,4,3,51,0,1,0,0,0,0,3,0,0,0,0,0,0,0,0,0,0,0,0,0,0,0,1,0,0,0,0,0,0,0,0.0017,6.7000,0,9
38,14,1997,1,1,100,1,21,2,7,0,1,1,7,0,0,0,0,4,1,16,0,1,0,0,0,0,1,0,0,0,0,0,0,0,0,0,0,1,0,0,0,0,1,0,0,0,0,0,0,0,0.0010,4.0000,0,6
38,17,1997,1,1,100,1,21,7,28,0,5,2,31,10,2,1,1,15,4,97,0,1,1,1,0,0,3,1,0,0,0,1,0,0,0,0,1,0,0,1,0,0,0,0,0,1,0,0,0,0,0.0994,31.6000,0,21
38,27,1997,2,1,100,1,21,0,2,0,1,1,6,0,4,4,4,0,0,29,1,1,0,0,0,0,1,0,0,0,0,0,0,0,0,1,0,0,0,0,0,0,1,0,0,0,0,0,0,0,-0.0001,0.7000,0,1
38,40,1997,2,1,100,1,21,3,10,0,1,2,10,0,0,0,0,6,1,42,0,1,0,0,0,0,1,0,0,0,0,0,0,0,0,0,0,0,0,0,0,0,1,0,0,0,0,0,1,1,-0.0014,2.3000,0,9
38,41,1997,2,1,100,1,21,4,20,0,7,3,21,1,1,6,6,7,3,92,1,1,1,0,1,0,5,1,0,0,0,1,0,0,0,0,0,0,0,0,0,0,0,0,0,1,0,0,0,0,-0.3900,20.8000,0,13
38,43,1997,2,1,100,1,21,1,7,0,3,2,8,0,1,4,2,1,0,32,0,1,0,0,0,0,1,1,0,0,0,1,0,0,0,1,0,0,0,0,0,0,1,0,0,0,0,0,0,0,-0.0481,3.0000,0,3
38,50,1997,2,1,100,1,21,0,2,0,1,1,2,0,0,0,0,0,0,10,1,1,0,0,0,0,1,0,0,0,0,0,0,0,0,0,0,1,0,0,0,0,1,0,0,0,0,0,1,0,0.0000,0.2000,0,1
39,14,1997,1,1,100,1,21,2,12,0,5,1,13,0,1,3,3,5,1,40,1,1,0,0,0,0,3,2,0,0,0,0,0,0,0,0,0,0,0,0,0,0,1,0,0,0,0,0,2,2,-0.1216,5.0000,0,7
39,15,1997,1,1,100,1,21,0,4,0,1,1,4,0,0,0,0,1,0,14,2,1,0,0,0,0,1,0,0,0,0,0,0,0,0,0,0,1,0,0,0,0,1,0,0,0,0,0,0,0,0.0000,0.3000,0,2
39,17,1997,1,1,100,1,21,2,15,0,7,2,19,4,3,9,3,3,3,76,2,1,1,0,1,0,6,1,0,1,0,0,0,0,0,0,0,0,0,0,0,0,0,0,0,0,0,0,0,0,-0.6034,28.7000,0,8
39,21,1997,1,1,100,1,21,2,10,0,2,1,12,0,2,4,3,2,3,44,1,1,0,0,0,0,1,0,0,0,0,1,0,0,0,1,0,0,1,0,0,0,1,0,0,0,0,0,1,0,0.0004,2.0000,0,7
39,40,1997,2,1,100,1,21,1,5,0,2,1,8,0,2,2,2,1,2,35,1,1,0,0,0,0,2,0,0,1,0,0,0,0,0,1,0,0,0,0,0,0,1,0,0,0,0,0,2,0,-0.0051,5.9000,0,4
39,41,1997,2,1,100,1,21,5,21,0,7,1,27,12,5,4,4,11,3,110,2,1,1,1,0,0,4,2,0,1,1,0,0,0,0,1,0,0,2,0,0,0,0,0,0,0,0,0,0,0,-0.2717,23.4000,0,17
39,43,1997,2,1,100,1,21,2,8,0,2,4,8,0,0,0,0,1,1,31,0,1,0,0,0,0,2,0,0,0,0,0,0,0,0,0,0,1,0,0,0,0,1,0,0,0,0,0,1,0,0.0122,5.0000,0,6
40,14,1997,1,1,100,1,21,2,10,0,2,2,10,0,0,0,0,4,2,36,2,1,0,1,0,0,1,1,0,0,0,0,0,0,0,1,0,0,0,0,1,1,1,0,0,0,0,0,1,1,-0.0385,7.9000,0,8
40,17,1997,1,1,100,1,21,5,23,0,5,3,27,6,4,6,6,13,1,95,2,1,1,0,0,0,3,1,0,0,1,0,0,0,0,0,0,0,0,0,0,0,0,0,0,2,0,0,0,0,-0.1701,29.4000,0,17
40,19,1997,1,1,100,1,21,0,2,0,0,0,2,0,0,0,0,1,1,10,2,1,0,0,0,0,0,0,0,0,0,0,0,0,0,0,0,1,0,0,0,0,1,0,0,0,0,0,1,0,0.0070,0.8000,0,2
40,28,1997,2,1,100,1,21,2,7,0,2,1,9,0,1,2,2,4,1,34,0,1,0,0,0,0,1,1,1,0,0,0,0,0,0,0,0,1,0,0,0,0,1,0,0,0,0,0,1,1,-0.0919,4.0000,0,6
40,40,1997,2,1,100,1,21,2,6,0,1,2,9,0,2,3,3,3,1,38,0,1,0,0,1,0,0,0,1,0,0,1,0,0,0,0,0,0,0,0,0,0,1,0,0,0,0,0,1,0,-0.2896,7.0000,0,6
40,41,1997,2,1,100,1,21,3,15,0,7,2,17,2,1,5,4,5,2,65,0,1,1,0,0,0,5,1,0,1,0,1,0,0,0,0,0,0,0,0,0,0,0,0,0,2,0,0,0,0,-0.3443,14.3000,0,9
40,43,1997,2,1,100,1,21,2,9,0,4,1,9,0,0,1,1,3,1,37,0,1,0,0,0,0,3,1,0,0,0,0,0,0,0,0,0,0,1,0,0,0,1,0,0,0,0,0,1,0,-0.0157,3.7000,0,6
41,14,1997,1,1,100,1,21,2,12,0,4,3,13,0,1,2,2,3,2,60,2,1,0,0,0,0,3,1,0,0,0,0,0,0,0,0,0,0,0,0,0,0,1,0,0,0,0,0,1,1,-0.0530,5.2000,0,8
41,15,1997,1,1,100,1,21,2,9,0,4,1,10,0,0,2,2,3,2,37,1,1,0,0,0,0,2,2,0,1,0,0,0,0,0,0,0,1,1,0,0,0,1,0,0,0,0,0,1,0,-0.0004,1.2000,0,7
41,17,1997,1,1,100,1,21,0,5,0,4,0,7,0,2,6,6,1,0,32,1,1,1,0,1,0,2,2,0,0,0,0,0,0,0,0,0,0,0,0,0,0,0,0,0,1,0,0,0,0,-0.3347,6.6000,0,1
41,21,1997,1,1,100,1,21,2,10,0,3,3,13,0,2,3,3,4,0,46,2,1,0,0,0,0,3,0,0,0,0,0,0,0,0,1,1,0,0,0,0,0,1,0,0,0,0,0,0,0,-0.0100,4.1000,0,8
41,40,1997,2,1,100,1,21,0,2,0,0,0,2,0,0,0,0,2,0,12,2,1,0,0,0,0,0,0,0,0,0,0,0,0,0,0,0,1,0,0,0,0,1,0,0,0,0,0,1,0,0.0001,0.7000,0,2
41,41,1997,2,1,100,1,21,6,24,0,6,5,28,11,2,2,2,7,6,102,0,1,1,1,0,0,5,1,0,0,0,0,0,0,0,0,2,0,0,1,0,0,0,0,0,0,0,0,0,0,0.0599,27.4000,0,18
41,43,1997,2,1,100,1,21,2,10,0,4,2,12,0,2,1,1,4,0,45,1,1,0,0,0,0,2,1,0,0,0,1,0,0,0,0,0,0,1,0,0,0,1,0,0,0,0,0,0,0,0.0019,7.1000,0,7
42,9,1997,1,1,100,1,21,1,4,0,1,1,5,0,1,0,0,2,0,19,1,1,0,0,0,0,1,0,0,0,0,0,0,0,0,0,0,1,1,0,0,0,1,0,0,1,0,0,1,0,0.0243,2.5000,0,4
42,14,1997,1,1,100,1,21,2,12,0,4,3,14,0,2,2,2,3,2,49,2,1,0,0,1,0,2,2,0,0,0,0,0,0,0,0,0,0,0,0,0,0,1,0,0,0,0,0,0,0,-0.0432,10.3000,0,8
42,17,1997,1,1,100,1,21,1,10,0,5,1,13,0,2,6,6,1,2,48,1,1,1,0,0,0,3,1,0,0,0,1,0,0,0,0,1,0,0,0,0,0,0,0,0,1,0,0,0,0,-0.3236,15.0000,0,4
42,19,1997,1,1,100,1,21,2,9,0,2,3,11,0,1,0,0,3,2,43,2,1,0,0,0,0,2,0,0,1,0,0,0,0,0,0,0,0,0,0,0,0,1,0,0,0,0,0,2,2,-0.0565,11.5000,0,8
42,28,1997,2,1,100,1,21,1,5,0,0,1,5,0,0,0,0,3,1,23,2,1,0,0,0,0,0,0,0,0,0,0,0,0,0,0,0,0,0,0,0,0,1,0,0,0,0,1,0,0,0.1101,4.7000,0,5
42,35,1997,2,1,100,1,21,1,3,0,0,1,3,0,0,0,0,1,1,15,0,1,0,0,0,1,0,0,0,0,0,0,0,0,0,0,0,1,0,0,1,0,1,0,0,0,0,0,0,0,0.0726,3.1000,0,3
42,41,1997,2,1,100,1,21,3,20,0,8,2,22,6,2,6,2,5,4,75,2,1,1,0,0,0,6,1,0,0,0,1,0,0,0,0,0,0,0,0,0,0,0,0,0,0,0,0,0,0,-0.3059,27.0000,0,11
42,43,1997,2,1,100,1,21,2,10,0,2,3,11,0,1,0,0,3,2,50,2,1,0,1,0,0,2,0,0,0,0,0,0,0,0,0,0,0,0,0,0,0,1,0,0,0,0,0,1,0,0.1843,14.2000,0,8
43,9,1997,1,1,100,1,21,0,2,0,1,1,3,0,1,0,0,0,0,15,1,1,0,0,0,0,1,0,0,0,0,0,0,0,0,1,0,0,0,0,0,0,1,0,0,0,0,0,1,0,-0.0232,2.9000,0,1
43,14,1997,1,1,100,1,21,1,6,0,2,0,7,0,1,0,0,3,1,25,1,1,0,0,0,0,2,0,0,0,0,0,0,0,0,0,0,0,0,0,0,0,1,0,0,0,0,0,2,1,0.0019,5.6000,0,4
43,17,1997,1,1,100,1,21,4,17,0,5,3,23,1,5,4,4,7,2,103,0,1,1,0,0,0,3,1,0,0,0,1,0,1,0,0,0,0,0,0,0,0,0,0,0,0,0,0,0,0,-0.1790,18.4000,0,12
43,18,1997,1,1,100,1,21,0,2,0,0,0,2,0,0,0,0,1,1,3,2,1,0,0,0,1,0,0,0,0,0,0,0,0,0,0,0,1,0,0,1,0,1,0,0,0,0,0,3,0,0.0397,4.8000,0,2
43,19,1997,1,1,100,1,21,2,10,0,2,1,11,0,1,1,1,4,3,32,2,1,0,1,0,0,1,0,0,0,0,1,0,0,0,0,0,0,0,0,0,0,1,0,0,0,0,0,1,0,0.0890,16.4000,0,8
43,28,1997,2,1,100,1,21,0,4,0,3,0,6,0,2,5,5,1,0,22,1,1,0,0,1,0,2,0,0,0,1,0,0,0,0,1,0,0,0,0,1,1,1,0,0,0,0,0,0,0,-0.5954,11.1000,0,1
43,35,1997,2,1,100,1,21,0,5,0,4,0,7,0,2,4,4,1,0,30,2,1,0,0,0,0,2,2,0,0,0,0,0,0,0,0,0,0,1,0,0,0,1,0,0,0,0,0,0,0,-0.1543,4.2000,0,2
43,40,1997,2,1,100,1,21,0,1,0,0,1,1,0,0,0,0,0,0,3,1,1,0,0,0,0,0,0,0,0,0,0,0,0,0,0,0,1,0,0,0,0,1,0,0,0,0,0,1,0,0.0007,0.1000,0,1
43,41,1997,2,1,100,1,21,6,25,0,7,7,25,4,0,1,1,7,4,105,0,1,1,0,0,0,4,3,0,0,0,0,0,0,0,0,0,0,0,1,0,0,0,0,0,0,0,0,0,0,0.1977,24.1000,0,18
43,43,1997,2,1,100,1,21,1,6,0,1,3,7,0,1,0,0,1,1,28,2,1,0,0,0,0,1,0,0,0,0,0,0,0,0,0,0,0,0,0,0,0,1,0,0,0,0,0,1,1,-0.0603,7.3000,0,5
44,14,1997,1,1,100,1,21,3,10,0,0,4,12,0,2,0,0,0,5,48,0,1,0,0,0,0,0,0,0,0,0,0,0,0,0,0,0,1,0,0,0,0,1,0,0,0,0,0,0,0,0.0182,1.8000,0,9
44,17,1997,1,1,100,1,21,5,24,0,11,5,28,0,3,4,4,3,6,107,0,1,1,0,1,0,8,3,0,1,0,0,0,0,0,0,0,0,0,0,0,0,0,0,0,0,0,0,0,0,-0.1583,25.7000,0,15
44,41,1997,2,1,100,1,21,5,20,0,4,5,24,4,4,0,0,5,6,103,1,1,1,1,0,0,3,1,0,0,0,0,0,0,0,2,0,0,0,0,0,0,0,0,0,1,0,0,0,0,0.2206,30.1000,0,16
44,43,1997,2,1,100,1,21,3,11,0,0,4,11,0,0,0,0,1,6,43,2,1,0,0,0,1,0,0,0,0,0,0,0,0,0,0,0,1,0,0,2,0,1,0,0,0,0,0,1,0,0.0993,4.3000,0,11
45,14,1997,1,1,100,1,21,2,10,0,4,1,11,0,0,2,2,4,1,39,0,1,0,0,0,0,2,2,0,0,0,0,0,0,0,0,1,0,0,0,0,0,1,0,0,0,0,0,3,3,-0.0845,2.9000,0,6
45,17,1997,1,1,100,1,21,5,23,0,7,2,27,0,3,5,5,9,5,100,1,1,1,0,1,0,5,1,0,0,0,1,0,0,0,0,1,0,0,0,0,0,0,0,0,0,0,0,0,0,-0.0566,21.9000,0,16
45,21,1997,1,1,100,1,21,0,2,0,0,1,2,0,0,0,0,1,0,8,2,1,0,0,0,0,0,0,0,0,0,0,0,0,0,0,0,1,0,0,0,0,1,0,0,0,0,0,1,0,0.0005,0.2000,0,2
45,41,1997,2,1,100,1,21,9,29,0,2,6,31,7,2,0,0,15,6,109,0,1,1,1,0,0,1,1,0,0,0,0,0,0,0,1,0,0,0,1,0,0,0,1,1,0,0,0,0,0,0.3195,21.6000,0,27
46,14,1997,1,1,100,1,21,2,8,0,1,3,9,0,1,0,0,1,3,32,1,1,0,0,0,0,1,0,0,0,0,0,0,0,0,0,0,0,0,0,0,0,1,0,0,1,0,0,0,0,0.0509,4.9000,0,7
46,17,1997,1,1,100,1,21,5,21,0,6,5,24,2,3,4,4,2,8,108,0,1,1,0,1,0,3,0,0,0,0,3,0,0,0,0,0,0,0,0,0,0,0,0,0,1,0,0,0,0,-0.2268,23.9000,0,15
46,19,1997,1,1,100,1,21,0,2,0,0,1,2,0,0,0,0,1,0,11,2,1,0,0,0,0,0,0,0,0,0,0,0,0,0,1,0,1,0,0,0,0,1,0,0,0,0,0,1,0,0.0315,1.8000,0,2
46,35,1997,2,1,100,1,21,1,3,0,0,1,3,0,0,0,0,1,1,8,0,1,0,0,0,1,0,0,0,0,0,0,0,0,0,0,0,1,0,0,1,0,1,0,0,0,0,0,0,0,0.1617,6.6000,0,3
46,39,1997,2,1,100,1,21,1,4,0,2,1,6,0,1,1,1,1,1,23,0,1,0,0,0,0,2,0,0,1,0,0,0,0,0,0,0,0,0,0,0,0,1,0,0,0,0,1,0,0,0.0017,17.2000,0,3
46,41,1997,2,1,100,1,21,7,26,0,5,7,28,4,2,2,2,3,11,104,0,1,1,1,0,0,4,0,0,0,0,1,0,0,0,1,0,0,0,1,0,0,0,0,0,0,0,0,0,0,0.1522,32.2000,0,21
47,14,1997,1,1,100,1,21,1,4,0,1,1,6,0,2,0,0,0,2,29,0,1,0,1,0,0,1,0,0,0,0,0,0,0,0,0,0,0,0,0,0,0,1,0,0,0,0,0,0,0,0.0085,12.6000,0,3
47,17,1997,1,1,100,1,21,4,19,0,7,0,22,7,2,5,3,3,8,90,0,1,1,0,0,0,4,1,0,0,0,2,0,0,0,0,1,0,1,0,0,0,0,0,0,1,0,0,0,0,-0.3827,29.4000,0,12
47,18,1997,1,1,100,1,21,1,6,0,2,0,6,0,0,1,1,0,4,22,1,1,0,0,0,1,0,2,0,0,0,0,0,0,0,0,0,1,0,0,1,0,1,0,0,0,0,0,1,0,0.0665,9.7000,0,4
47,19,1997,1,1,100,1,21,2,9,0,1,3,9,0,0,0,0,3,2,37,2,1,0,0,0,0,1,0,0,0,0,0,0,0,0,0,0,0,0,0,0,0,1,0,0,0,0,1,1,0,0.2120,10.4000,0,8
47,40,1997,2,1,100,1,21,2,9,0,1,2,10,0,1,0,0,0,6,36,2,1,0,0,0,0,1,0,0,0,0,0,0,0,0,0,0,1,0,0,0,0,1,0,0,0,0,0,1,1,-0.0337,4.9000,0,8
47,41,1997,2,1,100,1,21,4,17,0,7,2,23,5,4,7,7,2,8,104,0,1,1,0,1,0,4,2,0,2,0,1,0,0,0,0,0,0,0,0,0,0,0,0,0,1,0,0,0,0,-0.6277,30.7000,0,12
47,43,1997,2,1,100,1,21,2,10,0,3,6,10,0,0,1,1,0,1,46,1,1,0,0,0,0,3,0,0,0,0,0,0,0,0,0,0,0,0,0,0,0,1,0,0,1,0,0,1,1,0.0256,8.8000,0,7
48,9,1997,1,1,100,1,21,0,5,0,5,0,5,0,0,3,3,0,0,13,0,1,0,0,0,0,5,0,0,0,0,0,0,0,0,0,0,0,0,0,0,0,1,0,0,0,0,0,3,3,-0.1319,4.3000,0,0
48,14,1997,1,1,100,1,21,0,2,0,0,0,4,0,1,0,0,0,2,27,2,1,0,0,0,0,0,0,0,0,0,0,0,0,0,0,1,0,0,0,0,0,1,0,0,1,0,0,1,0,-0.0021,1.7000,0,2
48,17,1997,1,1,100,1,21,4,24,0,9,5,25,2,1,5,4,2,7,98,2,1,1,0,1,0,6,3,0,0,0,0,0,0,0,1,0,0,0,0,0,0,0,0,0,2,0,0,0,0,-0.2975,24.5000,0,14
48,19,1997,1,1,100,1,21,1,6,0,3,0,7,0,0,3,3,2,1,29,0,1,0,0,0,0,3,0,0,0,0,0,0,0,0,0,1,0,0,0,0,0,1,0,0,0,0,0,2,0,-0.0452,6.5000,0,3
48,21,1997,1,1,100,1,21,1,6,0,1,0,6,0,0,0,0,1,4,28,2,1,0,0,0,0,1,0,0,0,0,0,0,0,0,0,0,1,0,0,0,0,1,0,0,0,0,0,2,0,0.0014,0.8000,0,5
48,28,1997,2,1,100,1,21,2,7,0,0,3,7,0,0,0,0,1,3,22,2,1,0,0,0,1,0,0,0,0,0,0,0,0,0,0,0,1,1,0,1,0,1,0,0,0,0,0,1,0,0.1058,4.0000,0,8
48,41,1997,2,1,100,1,21,6,26,0,6,5,27,5,0,4,4,4,10,98,1,1,1,1,0,0,3,2,0,0,0,1,0,0,0,1,1,0,0,0,0,0,0,0,0,0,0,0,0,0,-0.1211,28.5000,0,19
49,14,1997,1,1,100,1,21,1,4,0,2,1,7,0,2,3,3,1,1,27,0,1,0,0,0,0,1,1,0,1,0,0,0,0,0,0,0,0,0,0,0,0,1,0,0,0,0,0,1,0,-0.0280,2.0000,0,3
49,17,1997,1,1,100,1,21,4,18,0,7,3,20,1,1,5,5,6,3,69,1,1,1,0,1,0,5,0,1,0,0,2,0,0,0,0,0,0,1,0,0,0,0,0,0,0,0,0,0,0,-0.2492,12.4000,0,13
49,21,1997,1,1,100,1,21,2,12,0,4,4,12,0,0,2,2,2,2,44,2,1,0,0,0,0,2,2,0,0,0,0,0,0,0,0,0,1,0,0,0,0,1,0,0,0,0,0,1,0,-0.0004,2.1000,0,8
49,41,1997,2,1,100,1,21,7,28,0,8,5,28,10,0,1,1,8,7,108,0,1,1,1,0,0,6,2,0,0,0,0,0,0,0,0,0,0,1,1,0,0,0,0,0,2,0,0,0,0,0.1813,23.2000,0,21
49,43,1997,2,1,100,1,21,2,7,0,1,4,7,0,0,1,1,0,2,32,0,1,0,0,0,0,0,0,0,0,0,1,0,0,0,0,0,1,0,0,0,0,1,0,0,0,0,0,0,0,0.0011,1.8000,0,6
50,14,1997,1,1,100,1,21,4,13,0,2,3,15,0,2,0,0,0,8,52,0,1,0,1,0,0,2,0,0,0,0,0,0,0,0,0,0,0,0,0,0,0,1,0,0,0,1,0,0,0,0.3754,20.0000,0,12
50,17,1997,1,1,100,1,21,4,19,0,8,3,23,7,3,8,8,2,7,90,2,1,1,0,0,0,3,3,1,0,0,2,0,0,0,0,0,0,0,0,0,0,0,0,0,0,1,0,0,0,-0.7362,23.8000,0,14
50,18,1997,1,1,100,1,21,0,1,0,0,0,1,0,0,0,0,0,1,2,1,1,0,0,0,1,0,0,0,0,0,0,0,0,0,0,0,1,0,0,1,0,1,0,0,0,0,0,1,0,0.0141,0.5000,0,1
50,28,1997,2,1,100,1,21,1,4,0,1,2,5,0,1,1,1,0,1,25,0,1,0,0,0,0,0,1,0,0,0,0,0,0,0,0,0,1,0,0,0,0,1,0,0,0,0,0,0,0,-0.0323,1.8000,0,3
50,41,1997,2,1,100,1,21,4,24,0,10,5,25,5,1,7,7,0,9,89,2,1,1,0,0,0,5,1,0,0,1,3,0,0,0,0,0,0,0,0,0,0,0,0,0,0,0,0,0,0,-0.6097,27.5000,0,14
50,43,1997,2,1,100,1,21,3,15,0,4,1,15,0,0,3,3,1,8,48,1,1,0,0,1,0,2,0,0,0,0,2,0,0,0,0,0,0,0,0,0,0,1,0,0,1,0,0,0,0,-0.2445,14.3000,0,10
51,14,1997,1,1,100,1,21,2,8,0,2,2,8,0,0,0,0,0,4,39,0,1,0,0,0,0,2,0,0,0,0,0,0,0,0,0,0,1,0,0,0,0,1,0,0,0,0,0,0,0,0.0110,6.3000,0,6
51,17,1997,1,1,100,1,21,7,25,0,5,5,27,7,1,1,1,1,14,95,0,1,1,1,0,0,3,1,0,0,0,1,0,0,0,0,1,0,1,1,0,0,0,0,0,1,0,0,0,0,0.2054,27.7000,0,21
51,40,1997,2,1,100,1,21,1,5,0,0,2,6,0,1,0,0,0,3,22,2,1,0,0,0,0,0,0,0,0,0,0,0,0,0,0,0,1,0,0,0,0,1,0,0,0,0,0,1,0,0.0026,0.7000,0,5
51,41,1997,2,1,100,1,21,5,27,0,11,3,30,1,1,6,6,7,7,106,2,1,1,0,1,0,7,3,1,1,0,1,0,0,0,0,0,0,0,0,0,0,0,0,0,3,0,0,0,0,-0.2735,29.3000,0,17
51,43,1997,2,1,100,1,21,1,7,0,2,1,9,0,2,1,1,1,3,37,2,1,0,0,0,0,2,0,0,0,0,0,0,0,0,0,0,0,0,0,0,0,1,0,0,0,0,0,1,1,-0.0527,3.2000,0,5
52,17,1997,1,1,100,1,21,8,23,0,2,3,28,2,3,1,1,5,15,92,0,1,1,0,0,0,1,1,1,1,0,0,0,0,0,0,0,0,1,1,0,0,0,0,0,1,0,0,0,0,0.4157,35.4000,0,24
52,18,1997,1,1,100,1,21,0,4,0,2,0,6,0,2,2,2,0,2,21,2,1,0,0,1,0,2,0,0,0,0,0,0,0,0,1,0,1,0,0,1,1,1,0,0,0,0,0,0,0,-0.8004,23.7000,0,2
52,28,1997,2,1,100,1,21,2,7,0,1,4,7,0,0,1,1,0,2,27,0,1,0,0,0,0,0,0,0,0,0,1,0,0,0,0,0,0,0,0,0,0,1,0,0,0,0,0,0,0,-0.1208,7.6000,0,6
52,35,1997,2,1,100,1,21,1,3,0,0,2,3,0,0,0,0,1,0,11,0,1,0,1,0,0,0,0,0,0,0,0,0,0,0,0,0,1,0,0,0,0,1,0,0,0,0,0,0,0,0.0380,1.7000,0,3
52,41,1997,2,1,100,1,21,6,20,0,2,8,22,1,2,1,1,3,7,96,0,1,1,0,0,0,1,1,0,0,0,0,0,0,0,0,0,0,0,1,0,0,0,0,0,0,0,0,0,0,0.1581,18.5000,0,18
53,14,1997,1,1,100,1,21,3,10,0,1,2,12,0,2,2,2,3,4,49,0,1,0,0,0,0,0,1,0,0,0,0,0,0,0,0,0,0,0,0,0,0,1,0,0,0,0,0,0,0,0.0314,5.5000,0,9
53,17,1997,1,1,100,1,21,4,19,0,9,2,27,1,5,5,5,2,8,93,0,1,1,0,1,0,8,0,0,2,0,1,0,0,0,0,1,0,0,0,0,0,0,0,0,4,0,0,0,0,-0.2391,32.0000,0,12
53,19,1997,1,1,100,1,21,1,4,0,1,0,5,0,1,0,0,1,2,19,0,1,0,0,0,0,1,0,0,0,0,0,0,0,0,0,0,1,0,0,0,0,1,0,0,0,0,0,1,1,-0.0390,3.8000,0,3
53,35,1997,2,1,100,1,21,1,3,0,0,1,3,0,0,0,0,0,2,14,0,1,0,0,0,1,0,0,0,0,0,0,0,0,0,0,0,1,0,0,1,0,1,0,0,0,0,0,0,0,0.0726,3.1000,0,3
53,39,1997,2,1,100,1,21,1,3,0,0,1,3,0,0,0,0,1,1,8,0,1,0,0,0,0,0,0,0,0,0,0,0,0,0,0,0,0,0,0,0,0,1,0,0,0,0,1,1,0,0.2070,8.4000,0,3
53,40,1997,2,1,100,1,21,1,7,0,4,1,8,0,1,1,1,0,2,25,2,1,0,0,0,0,2,1,0,0,0,1,0,0,0,0,0,0,0,0,0,0,1,0,0,0,1,1,0,0,-0.0818,9.7000,0,5
53,41,1997,2,1,100,1,21,5,19,0,3,5,21,6,2,1,0,5,5,98,0,1,1,1,0,0,2,1,0,0,0,0,0,0,0,0,0,0,0,0,0,0,0,0,0,1,0,0,0,0,0.1540,25.7000,0,15
53,43,1997,2,1,100,1,21,0,4,0,3,1,4,0,0,3,3,0,0,10,1,1,0,0,0,0,0,1,0,0,0,2,0,0,0,0,0,0,0,0,0,0,1,0,0,0,0,0,0,0,-0.1385,2.4000,0,1
54,9,1997,1,1,100,1,21,0,3,0,1,0,5,0,2,1,1,0,2,21,2,1,0,0,0,0,1,0,0,0,0,0,0,0,0,1,0,0,0,0,1,1,1,0,0,0,0,0,2,0,-0.1980,17.5000,0,2
54,17,1997,1,1,100,1,21,6,25,0,6,5,29,4,3,3,3,3,12,112,2,1,1,0,0,0,3,1,0,1,0,2,0,0,0,0,0,0,0,1,0,0,0,0,0,0,0,0,0,0,-0.0520,36.5000,0,20
54,18,1997,1,1,100,1,21,0,2,0,1,0,4,0,1,1,1,1,1,14,2,1,0,0,1,0,0,1,0,1,0,0,0,0,0,0,0,1,0,0,0,0,1,0,0,0,0,0,0,0,-0.3623,12.4000,0,2
54,19,1997,1,1,100,1,21,0,2,0,0,1,2,0,0,0,0,0,1,5,2,1,0,0,0,0,0,0,0,0,0,0,0,0,0,0,0,0,0,0,0,0,1,0,0,0,0,0,1,0,0.1081,4.2000,0,2
54,35,1997,2,1,100,1,21,1,3,0,0,0,3,0,0,0,0,1,2,9,0,1,0,1,0,0,0,0,0,0,0,0,0,0,0,0,0,1,0,0,0,0,1,0,0,0,0,0,0,0,0.1377,5.7000,0,3
54,40,1997,2,1,100,1,21,1,6,0,1,2,7,0,1,0,0,0,3,30,2,1,0,0,0,0,1,0,0,0,0,0,0,0,0,0,0,0,0,0,0,0,1,0,0,1,0,0,1,0,0.0873,6.9000,0,5
54,41,1997,2,1,100,1,21,6,26,0,8,1,28,2,1,4,4,4,13,107,1,1,1,0,0,0,6,2,0,0,0,0,0,0,0,0,1,0,1,0,0,0,0,0,0,1,0,0,0,0,-0.2691,35.5000,0,19
55,14,1997,1,1,100,1,21,2,9,0,3,1,10,0,1,2,2,2,3,49,1,1,0,0,0,0,2,0,0,0,0,1,0,0,0,0,0,0,1,0,0,0,1,0,0,2,0,0,0,0,-0.0255,2.0000,0,7
55,17,1997,1,1,100,1,21,4,22,0,8,5,24,0,2,5,5,1,8,89,2,1,1,0,1,0,6,0,0,0,0,2,0,0,0,0,0,0,0,0,0,0,0,0,0,1,0,0,0,0,-0.2022,23.9000,0,14
55,19,1997,1,1,100,1,21,1,3,0,1,0,3,0,0,0,0,2,0,6,0,1,0,0,0,0,1,0,0,0,0,0,0,0,0,0,0,1,1,0,0,0,1,0,0,0,0,0,0,0,0.0005,0.2000,0,3
55,35,1997,2,1,100,1,21,1,3,0,1,1,4,0,1,0,0,1,0,12,0,1,0,0,0,1,1,0,0,0,0,0,0,0,0,0,0,1,1,0,1,0,1,0,0,0,0,0,3,2,0.0653,8.0000,0,3
55,41,1997,2,1,100,1,21,8,26,0,4,6,30,7,3,3,3,7,10,110,0,1,1,1,0,0,3,1,0,1,0,0,0,0,0,1,0,0,1,1,0,0,0,0,0,3,0,0,0,0,0.2193,20.8000,0,24
55,43,1997,2,1,100,1,21,0,1,0,1,0,2,0,1,1,1,0,0,11,0,1,0,0,0,0,0,1,0,0,0,0,0,0,0,0,0,0,0,0,0,0,1,0,0,0,0,0,2,1,-0.0518,3.3000,0,0
56,14,1997,1,1,100,1,21,2,8,0,2,0,9,0,1,0,0,5,1,27,1,1,0,0,0,0,2,0,0,0,0,0,0,0,0,0,0,0,1,0,0,0,1,0,0,0,0,0,0,0,0.0509,3.7000,0,7
56,17,1997,1,1,100,1,21,5,23,0,10,4,26,2,2,4,4,4,6,96,0,1,1,0,1,0,8,1,0,1,0,1,0,0,0,0,0,0,1,0,0,0,0,0,0,0,0,0,0,0,-0.2532,37.2000,0,15
56,19,1997,1,1,100,1,21,0,2,0,0,1,2,0,0,0,0,0,1,9,2,1,0,0,0,0,0,0,0,0,0,0,0,0,0,0,0,1,0,0,0,0,1,0,0,0,0,0,1,0,0.0315,1.4000,0,2
56,35,1997,2,1,100,1,21,1,3,0,0,1,4,0,0,0,0,1,1,17,0,1,0,0,0,1,0,0,0,0,0,0,0,0,0,0,1,1,0,0,1,0,1,0,0,0,0,0,0,0,0.1617,11.9000,0,3
56,39,1997,2,1,100,1,21,1,4,0,1,1,5,0,1,0,0,1,1,19,0,1,0,0,0,0,1,0,0,0,0,0,0,0,0,1,0,0,0,0,0,0,1,0,0,0,0,1,1,1,0.0678,18.1000,0,3
56,41,1997,2,1,100,1,21,5,24,0,8,6,25,4,1,2,2,5,4,106,0,1,1,1,0,0,5,2,0,0,0,1,0,0,0,0,0,0,0,0,0,0,0,0,0,1,0,0,0,0,-0.0085,32.5000,0,15
56,43,1997,2,1,100,1,21,2,7,0,1,2,8,0,1,1,1,3,1,31,0,1,0,0,0,0,1,0,0,0,0,0,0,0,0,0,0,0,0,0,0,0,1,0,0,0,0,1,0,0,0.0682,8.4000,0,6
57,9,1997,1,1,100,1,21,1,7,0,2,0,7,0,0,0,0,4,1,21,2,1,0,0,0,0,2,0,0,0,0,0,0,0,0,0,0,1,0,0,0,0,1,0,0,0,0,0,2,1,0.0137,6.0000,0,5
57,14,1997,1,1,100,1,21,1,8,0,4,2,11,0,3,3,3,0,2,44,1,1,0,1,0,0,3,1,0,0,0,0,0,0,0,0,0,0,0,0,1,1,1,0,0,0,0,0,0,0,-0.3749,17.4000,0,4
57,17,1997,1,1,100,1,21,4,21,0,8,5,22,6,1,5,5,3,5,79,1,1,1,0,0,0,6,0,0,0,0,2,0,0,0,0,0,0,0,0,0,0,0,0,0,0,0,0,0,0,-0.2354,21.1000,0,13
57,19,1997,1,1,100,1,21,1,7,0,2,1,7,0,0,1,1,1,3,36,2,1,0,0,0,0,2,0,0,0,0,0,0,0,0,1,0,0,0,0,0,0,1,0,0,0,0,1,2,0,0.0696,6.0000,0,5
57,28,1997,2,1,100,1,21,0,3,0,3,0,4,0,0,3,3,0,1,22,1,1,0,0,1,0,1,1,0,1,0,1,0,0,0,0,0,0,0,0,1,1,1,0,0,0,0,0,1,1,-0.4623,7.7000,0,1
57,39,1997,2,1,100,1,21,1,6,0,3,1,8,0,1,4,4,0,3,29,1,1,0,0,0,0,2,1,0,1,0,0,0,0,0,0,0,0,0,0,0,0,1,0,0,0,0,0,0,0,-0.1339,5.3000,0,4
57,40,1997,2,1,100,1,21,1,5,0,1,0,5,0,0,1,1,1,2,19,0,1,0,0,0,0,1,0,0,0,0,0,0,0,0,0,0,0,0,0,0,0,1,0,0,0,0,0,0,0,-0.0478,2.8000,0,3
57,41,1997,2,1,100,1,21,2,13,0,5,3,18,1,5,6,6,2,2,80,1,1,1,0,0,0,2,3,0,0,0,0,0,0,0,0,0,0,0,0,0,0,0,0,0,0,0,0,0,0,-0.4348,19.8000,0,7
57,43,1997,2,1,100,1,21,1,6,0,2,0,6,0,0,0,0,3,1,28,2,1,0,0,0,0,1,1,0,0,0,0,0,0,0,0,0,0,1,0,0,0,1,0,0,0,0,0,1,0,0.0284,2.8000,0,5
57,50,1997,2,1,100,1,21,2,10,0,4,1,12,0,2,3,3,4,1,40,1,1,0,0,0,0,3,0,0,0,0,1,0,0,0,0,0,1,0,0,0,0,1,0,0,1,0,0,1,1,-0.0166,2.2000,0,7
58,14,1997,1,1,100,1,21,2,9,0,2,4,9,0,0,1,1,1,1,23,0,1,0,0,0,0,1,1,0,0,0,0,0,0,0,0,0,0,0,0,0,0,1,0,0,0,0,0,3,0,0.0000,6.2000,0,6
58,17,1997,1,1,100,1,21,6,21,0,2,6,27,17,5,0,0,12,1,114,2,1,1,1,0,0,1,1,0,0,0,0,0,0,0,1,1,0,1,1,0,0,0,0,0,0,0,0,0,0,0.1524,24.0000,0,20
58,21,1997,1,1,100,1,21,0,1,0,0,0,1,0,0,0,0,1,0,5,1,1,0,0,0,0,0,0,0,0,0,0,0,0,0,0,0,1,0,0,0,0,1,0,0,0,0,0,1,0,0.0001,0.2000,0,1
58,27,1997,2,1,100,1,21,1,5,0,3,0,7,0,1,4,4,2,1,27,0,1,0,0,0,0,0,3,0,1,0,0,0,0,0,1,0,0,0,0,0,0,1,0,0,0,0,0,2,1,-0.0013,2.3000,0,3
58,39,1997,2,1,100,1,21,1,6,0,1,1,6,0,0,0,0,2,2,25,2,1,0,0,0,0,1,0,0,0,0,0,0,0,0,1,0,1,0,0,0,0,1,0,0,0,0,0,0,0,0.0000,0.7000,0,5
58,40,1997,2,1,100,1,21,2,8,0,2,0,11,0,3,2,2,1,5,35,0,1,0,0,0,0,1,1,0,0,0,0,0,0,0,0,0,0,0,0,0,0,1,0,0,0,0,0,1,0,0.0009,4.9000,0,6
58,41,1997,2,1,100,1,21,3,15,0,6,4,17,0,2,5,5,1,4,68,0,1,1,0,1,0,4,1,0,0,0,1,0,0,0,0,0,0,0,0,0,0,0,0,0,0,0,0,0,0,-0.3275,16.3000,0,9
58,43,1997,2,1,100,1,21,0,4,0,3,0,5,0,1,3,3,1,0,19,1,1,0,0,0,0,2,0,0,0,0,1,0,0,0,0,0,0,0,0,0,0,1,0,0,0,0,0,0,0,-0.0596,2.8000,0,1
58,50,1997,2,1,100,1,21,1,8,0,5,1,9,0,1,6,6,1,1,42,0,1,0,0,0,0,2,1,0,0,0,2,0,0,0,0,0,0,0,0,0,0,1,0,0,0,0,0,1,1,0.0000,2.3000,0,3
59,14,1997,1,1,100,1,21,2,8,0,2,2,8,0,0,0,0,3,1,31,0,1,0,1,0,0,2,0,0,0,0,0,0,0,0,0,0,0,0,0,0,0,1,0,0,0,0,0,2,1,0.0379,13.3000,0,6
59,17,1997,1,1,100,1,21,5,25,0,7,3,29,5,3,6,5,9,4,105,2,1,1,0,0,0,4,2,0,0,0,1,0,0,0,0,1,0,1,0,0,0,0,0,0,0,0,0,0,0,-0.3870,40.4000,0,17
59,18,1997,1,1,100,1,21,1,3,0,1,1,3,0,0,0,0,1,0,12,0,1,0,0,0,1,1,0,0,0,0,0,0,0,0,0,0,1,1,0,1,0,1,0,0,0,0,0,0,0,0.1996,11.2000,0,3
59,19,1997,1,1,100,1,21,0,1,0,0,0,1,0,0,0,0,1,0,5,1,1,0,0,0,0,0,0,0,0,0,0,0,0,0,0,0,0,0,0,0,0,1,0,0,0,0,1,1,0,0.0666,2.5000,0,1
59,28,1997,2,1,100,1,21,0,4,0,2,1,4,0,0,1,1,0,1,21,2,1,0,0,1,0,1,1,0,0,0,0,0,0,0,0,0,0,0,0,1,1,1,0,0,0,0,0,1,1,-0.1723,7.9000,0,2
59,35,1997,2,1,100,1,21,1,2,0,0,1,3,0,1,0,0,1,0,13,0,1,0,0,0,0,0,0,0,0,0,0,0,0,0,0,0,1,1,0,0,0,1,0,0,0,0,0,0,0,0.0380,2.8000,0,3
59,39,1997,2,1,100,1,21,1,4,0,1,2,5,0,1,0,0,0,1,21,0,1,0,0,0,0,1,0,0,0,0,0,0,0,0,0,0,0,0,0,0,0,1,0,0,0,0,0,1,1,-0.1289,14.9000,0,3
59,41,1997,2,1,100,1,21,4,25,0,12,2,26,4,1,5,5,7,4,98,2,1,1,0,0,0,11,0,0,0,0,1,0,0,0,0,0,0,0,0,0,0,0,0,0,1,0,0,0,0,-0.4332,28.4000,0,14
59,43,1997,2,1,100,1,21,1,5,0,1,1,6,0,1,1,1,2,1,31,2,1,0,0,0,0,1,0,0,0,0,0,0,0,0,0,0,0,0,0,0,0,1,0,0,0,1,0,1,0,0.0735,8.0000,0,5
60,14,1997,1,1,100,1,21,0,4,0,2,0,6,0,2,3,3,0,2,24,2,1,0,0,0,0,2,0,0,0,0,0,0,0,0,1,0,0,0,0,0,0,1,0,0,1,0,0,0,0,-0.1408,4.2000,0,2
60,17,1997,1,1,100,1,21,4,16,0,5,5,23,3,6,5,5,5,2,92,0,1,1,0,1,0,3,1,0,1,0,1,0,0,0,1,0,0,0,0,0,0,0,0,0,0,0,0,0,0,-0.2352,21.1000,0,12
60,19,1997,1,1,100,1,21,2,10,0,5,0,11,0,0,3,3,2,4,30,0,1,0,0,0,0,3,2,0,1,0,0,0,0,0,0,0,0,0,0,0,0,1,0,0,0,0,0,1,0,-0.0311,2.3000,0,6
60,21,1997,1,1,100,1,21,1,6,0,2,3,8,0,2,2,2,0,1,36,1,1,0,0,0,0,2,0,0,0,0,0,0,0,0,0,0,1,0,0,0,0,1,0,0,0,0,0,1,0,-0.0002,0.9000,0,4
60,41,1997,2,1,100,1,21,7,28,0,8,5,30,11,1,4,4,8,5,99,0,1,1,1,0,0,6,1,0,0,1,0,0,0,0,0,1,0,3,0,0,0,0,0,0,0,0,0,0,0,0.0491,31.1000,0,21
60,43,1997,2,1,100,1,21,2,6,0,1,1,7,0,1,0,0,2,2,28,0,1,0,0,0,0,1,0,0,0,0,0,0,0,0,0,0,1,1,0,0,0,1,0,0,0,0,0,0,0,0.0034,2.6000,0,6
61,14,1997,1,1,100,1,21,0,2,0,1,1,4,0,1,1,1,0,0,21,1,1,0,0,0,0,1,0,0,0,0,0,0,0,0,0,1,0,0,0,0,0,1,0,0,0,0,0,0,0,-0.0392,2.5000,0,1
61,17,1997,1,1,100,1,21,6,25,0,7,6,28,2,3,4,1,5,5,104,0,1,1,0,0,0,5,2,0,0,0,0,0,0,0,0,0,0,2,1,0,0,0,0,0,0,0,0,0,0,-0.1235,28.4000,0,18
61,18,1997,1,1,100,1,21,1,3,0,0,2,3,0,0,0,0,1,0,10,0,1,0,0,0,1,0,0,0,0,0,0,0,0,0,0,0,1,0,0,1,0,1,0,0,0,0,0,0,0,0.0895,3.9000,0,3
61,19,1997,1,1,100,1,21,1,5,0,1,1,6,0,0,0,0,2,2,24,2,1,0,1,0,0,0,1,0,1,0,0,0,0,0,0,0,0,0,0,0,0,1,0,0,0,0,0,3,1,0.0859,8.9000,0,5
61,28,1997,2,1,100,1,21,1,6,0,2,0,6,0,0,0,0,0,4,27,1,1,0,0,0,0,2,0,0,0,0,0,0,0,0,0,0,1,0,0,0,0,1,0,0,0,0,0,1,1,-0.0817,3.9000,0,4
61,39,1997,2,1,100,1,21,0,6,0,4,0,7,0,1,5,5,1,1,20,2,1,0,0,1,0,2,1,0,0,1,0,0,0,0,0,0,0,0,0,1,1,1,0,0,0,0,0,0,0,-0.6724,21.6000,0,2
61,41,1997,2,1,100,1,21,7,30,0,9,7,30,5,0,2,2,4,10,105,0,1,1,0,0,0,7,2,0,0,0,0,0,0,0,0,0,0,0,1,0,0,0,0,0,1,0,0,0,0,0.2268,38.6000,0,21
62,9,1997,1,1,100,1,21,1,7,0,2,1,8,0,1,0,0,1,3,33,2,1,0,0,0,0,1,1,0,0,0,0,0,0,0,0,0,1,0,0,0,0,1,0,0,0,0,0,1,0,0.0056,0.9000,0,5
62,14,1997,1,1,100,1,21,0,5,0,3,1,7,0,2,5,5,0,1,27,2,1,0,0,1,0,2,0,0,0,0,1,0,0,0,0,0,0,0,0,0,0,1,0,0,0,0,0,0,0,-0.3781,13.9000,0,2
62,17,1997,1,1,100,1,21,4,19,0,7,1,19,5,0,5,5,3,8,57,0,1,1,0,0,0,3,2,0,0,1,1,0,0,0,0,0,0,0,0,0,0,0,0,0,0,0,0,0,0,-0.2892,15.3000,0,12
62,19,1997,1,1,100,1,21,1,7,0,1,0,7,0,0,0,0,1,3,21,2,1,0,0,0,0,1,0,0,0,0,0,0,0,0,0,0,0,1,0,0,0,1,0,0,0,0,0,0,0,0.0053,1.5000,0,5
62,28,1997,2,1,100,1,21,1,7,0,2,3,7,0,0,0,0,0,2,31,2,1,0,0,0,0,2,0,0,0,0,0,0,0,0,1,0,0,0,0,0,0,1,0,0,0,0,0,1,0,0.0225,4.3000,0,5
62,35,1997,2,1,100,1,21,0,2,0,0,1,2,0,0,0,0,0,1,12,2,1,0,0,0,1,0,0,0,0,0,0,0,0,0,0,0,1,0,0,1,0,1,0,0,0,0,0,3,0,0.0317,3.8000,0,2
62,39,1997,2,1,100,1,21,0,2,0,1,1,3,0,1,0,0,0,0,13,1,1,0,0,0,0,1,0,0,0,0,0,0,0,0,0,0,0,0,0,0,0,1,0,0,0,0,0,1,0,-0.0185,3.5000,0,1
62,40,1997,2,1,100,1,21,1,4,0,1,0,4,0,0,0,0,0,3,20,0,1,0,0,0,0,1,0,0,0,0,0,0,0,0,0,0,0,0,0,0,0,1,0,0,0,0,0,1,0,0.0248,2.6000,0,3
62,41,1997,2,1,100,1,21,3,16,0,8,1,18,3,1,5,5,4,4,59,0,1,1,0,0,0,3,5,0,1,0,0,0,0,0,0,0,0,0,0,0,0,0,0,0,0,0,0,0,0,-0.3486,12.9000,0,9
62,43,1997,2,1,100,1,21,2,8,0,1,1,8,0,0,0,0,3,3,31,1,1,0,1,0,0,0,1,0,0,0,0,0,0,0,0,0,0,0,0,0,0,1,0,0,0,0,0,0,0,0.0918,5.4000,0,7
63,9,1997,1,1,100,1,21,0,5,0,3,1,8,0,3,4,4,1,0,32,2,1,0,0,0,0,3,0,0,0,0,0,0,0,0,0,0,0,0,0,0,0,1,0,0,0,0,0,1,1,-0.0100,1.8000,0,2
63,14,1997,1,1,100,1,21,1,10,0,5,2,10,0,0,2,2,2,1,33,2,1,0,0,0,0,4,1,0,0,0,0,0,0,0,0,0,0,0,0,0,0,1,0,0,0,0,0,2,2,-0.0772,4.4000,0,5
63,17,1997,1,1,100,1,21,3,19,0,9,1,21,4,1,8,8,8,1,63,1,1,1,0,1,0,7,2,0,0,0,0,0,0,0,0,1,0,0,0,0,0,0,0,0,0,0,0,0,0,-0.5401,30.8000,0,10
63,19,1997,1,1,100,1,21,1,5,0,2,2,6,0,1,1,1,1,0,24,0,1,0,0,0,0,0,2,0,0,0,0,0,0,0,0,0,0,0,0,0,0,1,0,0,0,0,0,1,1,-0.0097,1.6000,0,3
63,21,1997,1,1,100,1,21,1,4,0,0,1,4,0,0,0,0,1,2,15,1,1,0,0,0,0,0,0,0,0,0,0,0,0,0,0,0,1,0,0,0,0,1,0,0,0,0,0,2,0,-0.0000,0.3000,0,4
63,40,1997,2,1,100,1,21,2,8,0,0,5,9,0,1,0,0,0,3,39,2,1,0,0,0,0,0,0,0,0,0,0,0,0,0,0,0,1,0,0,0,0,1,0,0,0,0,0,1,0,0.0207,4.7000,0,8
63,41,1997,2,1,100,1,21,5,20,0,6,5,25,9,3,4,4,6,3,101,0,1,1,1,0,0,4,0,0,0,0,2,0,0,0,0,2,0,1,0,0,0,0,0,0,0,0,0,0,0,-0.1999,23.8000,0,15
63,43,1997,2,1,100,1,21,1,6,0,1,2,6,0,0,1,0,0,2,23,1,1,0,0,0,0,0,1,0,0,0,0,0,0,0,0,0,0,0,0,0,0,1,0,0,0,0,0,0,0,0.0022,4.1000,0,4
64,14,1997,1,1,100,1,21,0,6,0,4,0,7,0,1,5,5,0,2,29,2,1,0,0,0,0,3,1,0,0,0,0,0,0,0,0,0,0,0,0,0,0,1,0,0,0,0,0,1,0,-0.0260,2.6000,0,2
64,15,1997,1,1,100,1,21,1,6,0,1,0,9,0,2,0,0,2,3,39,2,1,0,0,0,0,1,0,0,0,0,0,0,0,0,0,1,1,0,0,0,0,1,0,0,0,0,0,1,0,-0.0001,1.4000,0,5
64,17,1997,1,1,100,1,21,3,17,0,6,3,19,0,2,5,5,4,4,63,2,1,1,0,1,0,3,2,0,0,0,1,0,0,0,0,0,0,0,0,0,0,0,0,0,1,0,0,0,0,-0.2687,11.4000,0,11
64,21,1997,1,1,100,1,21,2,11,0,6,1,13,0,2,3,3,3,1,47,0,1,0,0,0,0,4,2,0,0,0,0,0,0,0,0,0,0,1,0,0,0,1,0,0,0,0,0,2,2,-0.0051,4.6000,0,6
64,41,1997,2,1,100,1,21,7,32,0,8,8,35,13,3,1,1,7,8,118,2,1,1,1,0,0,5,3,0,0,0,0,0,0,0,0,0,0,0,1,0,0,0,0,0,2,0,0,0,0,0.1600,31.7000,0,23
64,43,1997,2,1,100,1,21,1,4,0,0,1,5,0,1,0,0,0,3,17,1,1,0,0,0,0,0,0,0,0,0,0,0,0,0,0,0,1,0,0,0,0,1,0,0,0,0,0,1,0,0.0001,1.5000,0,4
65,14,1997,1,1,100,1,21,2,6,0,2,1,8,0,0,1,1,1,2,32,0,1,0,0,0,0,2,0,0,0,0,0,0,0,0,1,2,0,1,0,0,0,1,0,0,0,0,1,0,0,0.0602,10.4000,0,6
65,17,1997,1,1,100,1,21,5,21,0,2,5,24,8,2,5,1,7,3,106,0,1,1,1,0,0,1,1,0,0,0,0,0,0,0,0,1,0,0,0,0,0,0,0,0,1,0,0,0,0,-0.2053,27.5000,0,15
65,18,1997,1,1,100,1,21,1,4,0,1,2,5,0,1,0,0,1,0,19,0,1,0,0,0,1,0,1,0,0,0,0,0,0,0,0,0,1,0,0,1,0,1,0,0,0,0,0,0,0,0.0895,12.9000,0,3
65,19,1997,1,1,100,1,21,1,2,0,0,0,4,0,1,0,0,2,1,21,0,1,0,0,0,0,0,0,0,1,0,0,0,0,0,0,0,0,0,0,0,0,1,0,0,0,0,1,1,1,0.0590,10.1000,0,3
65,27,1997,2,1,100,1,21,1,4,0,0,2,4,0,0,0,0,1,1,17,1,1,0,0,0,0,0,0,0,0,0,0,0,0,0,0,0,1,0,0,0,0,1,0,0,0,0,0,1,0,0.0238,1.1000,0,4
65,28,1997,2,1,100,1,21,2,9,0,2,1,9,0,0,0,0,2,4,38,2,1,0,0,0,0,2,0,0,0,0,0,0,0,0,1,0,0,1,0,0,0,1,0,0,0,0,0,1,1,0.0151,3.5000,0,8
65,40,1997,2,1,100,1,21,0,4,0,2,1,5,0,1,2,2,0,1,22,2,1,0,0,0,0,0,1,0,0,0,1,0,0,0,0,0,0,0,0,0,0,1,0,0,0,0,0,1,0,-0.1435,3.4000,0,2
65,41,1997,2,1,100,1,21,2,13,0,6,3,15,2,1,6,6,2,1,50,0,1,1,0,1,0,1,1,0,0,0,4,0,0,0,0,1,0,0,0,0,0,0,0,0,0,0,0,0,0,-0.4657,8.3000,0,6
65,43,1997,2,1,100,1,21,2,8,0,1,3,12,0,4,0,0,3,1,50,1,1,0,0,0,0,0,1,0,0,0,0,0,0,0,0,0,0,0,0,0,0,1,0,0,0,0,0,0,0,0.0338,5.2000,0,7
66,9,1997,1,1,100,1,21,1,10,0,7,1,10,0,0,7,7,1,1,31,0,1,0,0,0,0,5,2,0,0,0,0,0,0,0,0,0,0,0,0,0,0,1,0,0,0,0,0,2,0,-0.6038,25.4000,0,3
66,14,1997,1,1,100,1,21,1,10,0,6,2,10,0,0,1,1,1,1,31,1,1,0,0,0,0,5,1,0,0,0,0,0,0,0,1,0,0,0,0,0,0,1,0,0,0,0,0,1,1,-0.1124,8.1000,0,4
66,15,1997,1,1,100,1,21,2,13,0,6,5,15,0,1,1,1,2,1,53,2,1,0,0,0,0,6,0,1,0,0,0,0,0,0,0,0,0,0,0,0,0,1,0,0,0,0,0,2,2,0.0246,13.7000,0,8
66,17,1997,1,1,100,1,21,0,7,0,6,0,8,2,1,7,7,0,1,28,1,1,1,0,0,0,3,1,0,0,1,1,0,0,0,0,0,0,0,0,0,0,0,0,0,0,0,0,0,0,-0.5323,9.9000,0,1
66,18,1997,1,1,100,1,21,0,6,0,5,1,8,0,2,4,4,0,0,29,1,1,0,0,1,0,4,1,0,0,0,0,0,0,0,0,0,1,0,0,1,1,1,0,0,0,0,0,0,0,-0.9599,30.6000,0,1
66,19,1997,1,1,100,1,21,1,10,0,5,4,12,0,2,2,2,0,1,50,2,1,0,0,0,0,5,0,0,0,0,0,0,0,0,0,0,0,0,0,0,0,1,0,0,0,0,0,3,0,-0.1504,16.5000,0,5
66,21,1997,1,1,100,1,21,1,4,0,1,1,7,0,3,1,1,0,2,34,0,1,0,0,0,0,0,0,0,0,0,1,0,0,0,0,0,0,0,0,0,0,1,0,0,0,0,0,1,1,0.0029,10.0000,0,3
66,27,1997,2,1,100,1,21,2,9,0,3,5,12,0,3,3,0,1,0,49,0,1,0,1,0,0,1,1,0,0,0,1,0,0,0,0,0,1,0,0,1,1,1,0,0,0,0,0,3,3,-0.3508,18.2000,0,6
66,28,1997,2,1,100,1,21,1,7,0,5,2,9,0,1,4,4,0,1,36,0,1,0,0,0,0,3,2,0,1,0,0,0,0,0,0,0,0,0,0,0,0,1,0,0,0,0,0,1,0,-0.4508,15.7000,0,3
66,39,1997,2,1,100,1,21,0,1,0,1,0,4,0,2,0,0,0,1,21,2,1,0,0,0,0,1,0,0,1,0,0,0,0,0,0,0,0,0,0,0,0,1,0,0,0,0,1,3,2,-0.0784,11.5000,0,2
66,40,1997,2,1,100,1,21,0,6,0,4,1,6,0,0,3,3,0,1,19,2,1,0,0,0,0,4,0,0,0,0,0,0,0,0,0,0,0,0,0,0,0,1,0,0,0,0,0,1,0,-0.1467,7.8000,0,2
66,41,1997,2,1,100,1,21,1,12,0,8,2,12,7,0,6,6,2,0,39,1,1,1,0,0,0,4,2,0,0,0,2,0,0,0,0,0,0,0,0,0,0,0,0,0,0,0,0,0,0,-0.4848,11.9000,0,4
66,43,1997,2,1,100,1,21,2,11,0,4,4,12,0,1,3,3,2,1,46,1,1,0,0,0,0,1,2,0,0,0,1,0,0,0,0,0,0,0,0,0,0,1,0,0,0,0,0,1,0,-0.1554,12.1000,0,7
66,50,1997,2,1,100,1,21,1,4,0,2,2,7,0,2,3,2,1,0,31,0,1,0,0,0,0,2,0,1,0,0,0,0,0,0,1,0,0,0,0,0,0,1,0,0,0,0,1,1,0,-0.2045,18.5000,0,3
67,9,1997,1,1,100,1,21,0,2,0,1,1,5,0,3,3,3,0,0,25,1,1,0,0,0,0,1,0,0,0,0,0,0,0,0,0,0,0,0,0,0,0,1,0,0,0,0,0,2,2,-0.1038,4.0000,0,1
67,14,1997,1,1,100,1,21,0,6,0,5,0,8,0,2,5,5,0,1,22,1,1,0,0,0,0,2,3,0,0,0,0,0,0,0,0,0,0,0,0,0,0,1,0,0,0,0,0,1,1,-0.5830,14.5000,0,1
67,15,1997,1,1,100,1,21,1,9,0,4,3,11,0,2,3,3,0,2,45,2,1,0,0,0,0,3,1,0,0,0,0,0,0,0,0,0,0,0,0,0,0,1,0,0,0,0,0,3,2,-0.0208,3.5000,0,5
67,17,1997,1,1,100,1,21,3,19,0,10,5,22,7,3,6,6,2,2,84,0,1,1,0,0,0,9,0,0,0,0,1,0,0,0,1,0,0,0,0,0,0,0,0,0,0,0,0,0,0,-0.3882,25.9000,0,9
67,18,1997,1,1,100,1,21,0,5,0,4,1,7,0,2,3,3,0,0,26,1,1,0,0,1,0,3,1,0,0,0,0,0,0,1,0,0,1,0,0,1,1,1,0,0,0,0,0,3,3,-0.9603,28.6000,0,1
67,19,1997,1,1,100,1,21,1,7,0,2,3,7,0,0,2,2,0,2,23,2,1,0,0,0,0,1,1,0,0,0,0,0,0,0,0,0,0,0,0,0,0,1,0,0,0,0,0,2,0,-0.0694,4.0000,0,5
67,21,1997,1,1,100,1,21,1,4,0,1,3,7,0,3,3,3,0,0,38,1,1,0,0,0,0,1,0,0,0,0,0,0,0,0,0,0,0,0,0,0,0,1,0,0,0,1,0,0,0,-0.0256,5.1000,0,4
67,28,1997,2,1,100,1,21,0,7,0,5,2,9,0,2,5,5,0,0,34,2,1,0,0,0,0,3,2,0,0,0,0,0,0,0,0,0,0,0,0,0,0,1,0,0,0,0,0,1,0,-0.0168,12.4000,0,2
67,35,1997,2,1,100,1,21,0,6,0,5,0,6,0,0,5,5,0,1,23,1,1,0,0,0,0,2,1,0,0,0,2,0,0,0,0,0,0,0,0,1,1,1,0,0,0,0,0,0,0,-0.5490,18.9000,0,1
67,39,1997,2,1,100,1,21,1,6,0,3,2,6,0,0,1,1,0,1,20,0,1,0,0,0,0,2,1,0,0,0,0,0,0,0,0,0,0,0,0,0,0,1,0,0,0,0,0,3,3,0.0009,13.4000,0,3
67,40,1997,2,1,100,1,21,1,8,0,4,3,9,0,1,2,2,0,1,37,1,1,0,0,0,0,3,1,0,0,0,0,0,0,0,1,0,0,0,0,0,0,1,0,0,0,0,0,1,1,-0.1495,16.8000,0,4
67,41,1997,2,1,100,1,21,3,21,0,11,7,21,5,0,7,7,0,3,88,1,1,1,0,0,0,9,2,0,0,0,0,0,0,0,1,0,0,0,0,0,0,0,0,0,1,0,0,0,0,-0.4767,26.8000,0,10
67,43,1997,2,1,100,1,21,1,9,0,4,4,10,0,1,1,1,0,1,45,2,1,0,0,0,0,4,0,0,0,0,0,0,0,0,0,0,0,0,0,0,0,1,0,0,0,0,0,2,2,-0.0896,9.3000,0,5
67,50,1997,2,1,100,1,21,0,8,0,6,1,8,0,0,3,3,1,0,37,2,1,0,1,0,0,6,0,0,0,0,0,0,0,0,0,0,1,0,0,0,0,1,0,0,0,0,0,2,2,-0.4104,20.8000,0,2
68,9,1997,1,1,100,1,21,1,7,0,3,2,7,0,0,0,0,0,2,38,2,1,0,0,0,0,3,0,0,0,0,0,0,0,0,0,0,0,0,0,0,0,1,0,0,0,1,0,0,0,0.0878,11.9000,0,5
68,14,1997,1,1,100,1,21,0,2,0,2,0,2,0,0,2,2,0,0,5,0,1,0,0,1,0,1,0,0,0,0,1,0,0,0,0,0,1,0,0,1,1,1,0,0,0,0,0,1,1,-0.8936,7.6000,0,0
68,17,1997,1,1,100,1,21,6,22,0,4,2,28,3,6,3,3,1,15,104,0,1,1,0,0,0,1,1,0,0,0,2,0,0,0,0,0,0,0,1,0,0,0,0,0,0,0,0,0,0,-0.0077,35.7000,0,18
68,18,1997,1,1,100,1,21,1,3,0,0,2,5,0,2,1,1,0,1,30,1,1,0,0,0,0,0,0,0,0,0,0,0,0,0,0,0,0,0,0,0,0,1,0,0,0,1,0,0,0,0.1208,10.5000,0,4
68,19,1997,1,1,100,1,21,0,1,0,0,0,2,0,1,0,0,0,1,10,1,1,0,0,0,0,0,0,0,0,0,0,0,0,0,0,0,0,0,0,0,0,1,0,0,0,0,0,2,0,0.1055,9.1000,0,1
68,28,1997,2,1,100,1,21,1,2,0,1,0,5,0,1,0,0,1,2,18,0,1,0,1,0,0,1,0,1,1,0,0,0,0,1,0,0,1,0,0,0,0,1,0,0,0,0,0,2,2,-0.2109,12.1000,0,3
68,35,1997,2,1,100,1,21,1,4,0,1,0,5,0,0,2,2,0,3,22,0,1,0,0,0,0,1,0,0,0,0,0,0,0,0,0,1,0,0,0,0,0,1,0,0,0,0,0,0,0,-0.0619,11.5000,0,3
68,39,1997,2,1,100,1,21,1,3,0,0,1,3,0,0,0,0,0,2,16,0,1,0,0,0,0,0,0,0,0,0,0,0,0,0,0,0,0,0,0,0,0,1,0,0,0,0,0,0,0,0.1020,4.3000,0,3
68,41,1997,2,1,100,1,21,7,24,0,4,4,27,3,2,3,3,1,16,97,0,1,1,0,0,0,3,1,1,0,0,0,0,0,0,0,0,0,0,1,0,0,0,0,0,0,0,0,0,0,0.0437,28.2000,0,21